	SGD Name	SGD Link	Peak	[ST]-P-X-[KR]	[ST]-P	Protein Level	Phosphorylation	P-Score	Deletion	Systematic Name	input	symbol	name	secondaryIdentifier	primaryIdentifier	yourlist:M201907046746803381A1F0E0DB47453E0216320D4B0BD1N	Entry
	YPR204W	SGD	M/G1	1	2	300	1353	0.7		YPR204W	YPR204W			YPR204W	S000006408	S000006408	Q08995
	MLC2	SGD	 	0	0	1000	0	0.0	viable	YPR188C	YPR188C	MLC2	Myo1p Light Chain	YPR188C	S000006392	S000006392	Q06580
	DPB2	SGD	G1	2	3	300	58016	2.3	inviable	YPR175W	YPR175W	DPB2	DNA Polymerase B subunit 2	YPR175W	S000006379	S000006379	P24482
	YPR174C	SGD	G1	1	5	30	8813	2.5	viable	YPR174C	YPR174C			YPR174C	S000006378	S000006378	Q06616
	BSP1	SGD	 	3	10	2000	1211179	2.8	viable	YPR171W	YPR171W	BSP1	Binding protein of Synaptojanin Polyphosphoinositide phosphatase domain	YPR171W	S000006375	S000006375	Q06604
	GPH1	SGD	G1	2	5	350	694	0.3	viable	YPR160W	YPR160W	GPH1	Glycogen PHosphorylase	YPR160W	S000006364	S000006364	P06738
	KAR3	SGD	G1	2	6	75	182904	3.4	viable	YPR141C	YPR141C	KAR3	KARyogamy	YPR141C	S000006345	S000006345	P17119
	VPS66	SGD	 	0	1	100	0	0.0	viable	YPR139C	YPR139C	LOA1	Lysophosphatidic acid: Oleoyl-CoA Acyltransferase	YPR139C	S000006343	S000006343	Q06508
	CTF4	SGD	G1	1	5	250	0	0.0	viable	YPR135W	YPR135W	CTF4	Chromosome Transmission Fidelity	YPR135W	S000006339	S000006339	Q01454
	PIS1	SGD	 	1	1	0.1	0	0.0	inviable	YPR113W	YPR113W	PIS1	Phosphatidyl Inositol Synthase	YPR113W	S000006317	S000006317	P06197
	DBF20	SGD	S/G2	1	6	20	31795	3.2	viable	YPR111W	YPR111W	DBF20	DumbBell Forming	YPR111W	S000006315	S000006315	P32328
	CSR2	SGD	 	3	13	0.1	4745	4.7	viable	YPR030W	YPR030W	CSR2	Chs5 Spa2 Rescue	YPR030W	S000006234	S000006234	Q12734
	CDC54	SGD	G2/M	2	9	400	29891	1.9	inviable	YPR019W	YPR019W	MCM4	MiniChromosome Maintenance	YPR019W	S000006223	S000006223	P30665
	RLF2	SGD	G1	2	6	25	3964	2.2	viable	YPR018W	YPR018W	RLF2	Rap1 protein Localization Factor	YPR018W	S000006222	S000006222	Q12495
	YPR015C	SGD	 	2	6	50	0	0.0	viable	YPR015C	YPR015C			YPR015C	S000006219	S000006219	Q12531
	YPR013C	SGD	G2/M	1	6	30	456	1.2	viable	YPR013C	YPR013C	CMR3	Changed Mutation Rate	YPR013C	S000006217	S000006217	Q12145
	PDH1	SGD	 	2	2	150	0	0.0	viable	YPR002W	YPR002W	PDH1	prpD Homolog	YPR002W	S000006206	S000006206	Q12428
	YRF1-7	SGD	M/G1	2	5	0.1	0	0.0		YPL283C	YPL283C	YRF1-7		YPL283C	S000006204	S000006204	P0CX15
	KAR9	SGD	S	2	15	100	567	0.8	viable	YPL269W	YPL269W	KAR9	KARyogamy	YPL269W	S000006190	S000006190	P32526
	YPL267W	SGD	G1	5	5	300	2676376	4.0	viable	YPL267W	YPL267W	ACM1	APC/C[Cdh1] Modulator	YPL267W	S000006188	S000006188	Q08981
	YPL260W	SGD	 	2	3	1000	6070	0.8	viable	YPL260W	YPL260W	CUB1	Cu2+ suppressing and Bleomycin sensitive	YPL260W	S000006181	S000006181	Q08977
	CLN2	SGD	G1	1	7	30	0	0.0	viable	YPL256C	YPL256C	CLN2	CycLiN	YPL256C	S000006177	S000006177	P20438
	BBP1	SGD	G1	1	4	10	13328	3.1	inviable	YPL255W	YPL255W	BBP1	Bfr1 Binding Protein	YPL255W	S000006176	S000006176	Q12365
	ICY2	SGD	S	1	2	0.1	23406	5.4	viable	YPL250C	YPL250C	ATG41	AuTophaGy related	YPL250C	S000006171	S000006171	Q12048
	GAL4	SGD	 	0	13	0.1	0	0.0	viable	YPL248C	YPL248C	GAL4	GALactose metabolism	YPL248C	S000006169	S000006169	P04386
	IQG1	SGD	G2/M	4	20	0.1	0	0.0	inviable	YPL242C	YPL242C	IQG1	IQGAP-related protein	YPL242C	S000006163	S000006163	Q12280
	FAS2	SGD	 	2	14	500	106	-0.7	inviable	YPL231W	YPL231W	FAS2	Fatty Acid Synthetase	YPL231W	S000006152	S000006152	P19097
	BOP1	SGD	G1	1	3	0.1	0	0.0	viable	YPL221W	YPL221W	FLC1	FLavin Carrier	YPL221W	S000006142	S000006142	Q08967
	YPL216W	SGD	 	2	7	0.1	0	0.0	viable	YPL216W	YPL216W			YPL216W	S000006137	S000006137	Q08964
	IPL1	SGD	G1	3	5	250	102546	2.6	inviable	YPL209C	YPL209C	IPL1	Increase in PLoidy	YPL209C	S000006130	S000006130	P38991
	HRR25	SGD	 	0	1	100	0	0.0	inviable	YPL204W	YPL204W	HRR25	HO and Radiation Repair	YPL204W	S000006125	S000006125	P29295
	RPL7B	SGD	 	0	1	50	0	0.0	viable	YPL198W	YPL198W	RPL7B	Ribosomal Protein of the Large subunit	YPL198W	S000006119	S000006119	Q12213
	DDC1	SGD	 	2	3	0.1	7044	4.8	viable	YPL194W	YPL194W	DDC1	DNA Damage Checkpoint	YPL194W	S000006115	S000006115	Q08949
	YPL158C	SGD	M/G1	1	9	20	0	0.0		YPL158C	YPL158C	AIM44	Altered Inheritance rate of Mitochondria	YPL158C	S000006079	S000006079	Q99299
	KIP2	SGD	S/G2	2	8	150	91993	2.8	viable	YPL155C	YPL155C	KIP2	KInesin related Protein	YPL155C	S000006076	S000006076	P28743
	RRD2	SGD	 	2	4	400	2930	0.9	viable	YPL152W	YPL152W	RRD2	Resistant to Rapamycin Deletion	YPL152W	S000006073	S000006073	Q12461
	YPL142C	SGD	 	0	2	200	0	0.0	inviable	YPL142C	YPL142C			YPL142C	S000006063	S000006063	Q08916
	YPL141C	SGD	S/G2	3	15	40	5	-0.9	viable	YPL141C	YPL141C	FRK1	Fatty acyl-CoA synthetase and RNA processing-associated Kinase	YPL141C	S000006062	S000006062	Q03002
	YPL137C	SGD	 	2	16	50	0	0.0	viable	YPL137C	YPL137C	GIP3	Glc7 Interacting Protein	YPL137C	S000006058	S000006058	Q03016
	SPC29	SGD	G1	1	4	500	18893	1.6	inviable	YPL124W	YPL124W	SPC29	Spindle Pole Component	YPL124W	S000006045	S000006045	P33419
	HOS3	SGD	S/G2	1	4	150	2954	1.3	viable	YPL116W	YPL116W	HOS3	Hda One Similar	YPL116W	S000006037	S000006037	Q02959
	BEM3	SGD	 	5	24	0.1	596	3.8	viable	YPL115C	YPL115C	BEM3	Bud EMergence	YPL115C	S000006036	S000006036	P32873
	PEX25	SGD	 	2	5	50	0	0.0	viable	YPL112C	YPL112C	PEX25	PEroXisome related	YPL112C	S000006033	S000006033	Q02969
	CAR1	SGD	G2/M	2	3	10000	3664	-0.4	viable	YPL111W	YPL111W	CAR1	Catabolism of ARginine	YPL111W	S000006032	S000006032	P00812
	ELP4	SGD	 	3	5	500	12940	1.4	viable	YPL101W	YPL101W	ELP4	ELongator Protein	YPL101W	S000006022	S000006022	Q02884
	SEC16	SGD	 	2	28	150	6606	1.6	inviable	YPL085W	YPL085W	SEC16	SECretory	YPL085W	S000006006	S000006006	P48415
	YTA6	SGD	 	2	7	200	0	0.0	viable	YPL074W	YPL074W	YTA6	Yeast Tat-binding Analog	YPL074W	S000005995	S000005995	P40328
	LEE1	SGD	S	1	7	0.1	0	0.0	viable	YPL054W	YPL054W	LEE1		YPL054W	S000005975	S000005975	Q02799
	SVL3	SGD	G1	1	10	500	34944	1.8	viable	YPL032C	YPL032C	SVL3	Styryl dye Vacuolar Localization	YPL032C	S000005953	S000005953	Q03088
	MET12	SGD	 	2	6	750	1510	0.3	viable	YPL023C	YPL023C	MET12	METhionine requiring	YPL023C	S000005944	S000005944	P46151
	RAD1	SGD	 	2	6	50	0	0.0	viable	YPL022W	YPL022W	RAD1	RADiation sensitive	YPL022W	S000005943	S000005943	P06777
	RRP12	SGD	 	1	6	0.1	0	0.0	inviable	YPL012W	YPL012W	RRP12	Ribosomal RNA Processing	YPL012W	S000005933	S000005933	Q12754
	YOR391C	SGD	S/G2	1	1	2500	4261	0.2		YOR391C	YOR391C	HSP33	Heat-Shock Protein	YOR391C	S000005918	S000005918	Q08914
	YOR385W	SGD	 	0	1	2000	63831	1.5	viable	YOR385W	YOR385W			YOR385W	S000005912	S000005912	Q08909
	FRE3	SGD	 	2	6	0.1	0	0.0	viable	YOR381W	YOR381W	FRE3	Ferric REductase	YOR381W	S000005908	S000005908	Q08905
	ALD4	SGD	 	0	2	200	0	0.0	viable	YOR374W	YOR374W	ALD4	ALdehyde Dehydrogenase	YOR374W	S000005901	S000005901	P46367
	NDD1	SGD	G1	4	16	10	24327	3.4	inviable	YOR372C	YOR372C	NDD1	Nuclear Division Defective	YOR372C	S000005899	S000005899	Q08887
	MRS6	SGD	 	2	6	300	9161	1.5	inviable	YOR370C	YOR370C	MRS6	Mitochondrial RNA Splicing	YOR370C	S000005897	S000005897	P32864
	PDE2	SGD	 	0	3	200	0	0.0	viable	YOR360C	YOR360C	PDE2	PhosphoDiEsterase	YOR360C	S000005887	S000005887	P06776
	GDS1	SGD	G1	2	13	500	12278	1.4	viable	YOR355W	YOR355W	GDS1		YOR355W	S000005882	S000005882	P41913
	MSC6	SGD	 	1	5	50	0	0.0	viable	YOR354C	YOR354C	MSC6	Meiotic Sister-Chromatid recombination	YOR354C	S000005881	S000005881	Q08818
	CIN1	SGD	 	2	9	0.1	0	0.0	viable	YOR349W	YOR349W	CIN1	Chromosome INstability	YOR349W	S000005876	S000005876	P40987
	UBC11	SGD	 	0	3	50	0	0.0	viable	YOR339C	YOR339C	UBC11	UBiquitin Carrier	YOR339C	S000005866	S000005866	P52492
	TEA1	SGD	S/G2	1	4	20	453	1.4	viable	YOR337W	YOR337W	TEA1	Ty Enhancer Activator	YOR337W	S000005864	S000005864	P47988
	YOR322C	SGD	 	2	13	50	88	0.2	viable	YOR322C	YOR322C	LDB19	Low Dye Binding	YOR322C	S000005849	S000005849	Q12502
	YOR315W	SGD	G2/M	2	8	100	74883	2.9	viable	YOR315W	YOR315W	SFG1	SuperFicial pseudohyphal Growth	YOR315W	S000005842	S000005842	Q12507
	SNU66	SGD	G1	1	3	500	32000	1.8	viable	YOR308C	YOR308C	SNU66	Small NUclear ribonucleoprotein associated	YOR308C	S000005835	S000005835	Q12420
	MCH5	SGD	 	0	2	75	0	0.0	viable	YOR306C	YOR306C	MCH5	MonoCarboxylate transporter Homolog	YOR306C	S000005833	S000005833	Q08777
	YOR298W	SGD	G2/M	0	3	100	0	0.0	viable	YOR298W	YOR298W	MUM3	MUddled Meiosis	YOR298W	S000005824	S000005824	Q08750
	TPO4	SGD	G2/M	1	4	0.1	0	0.0	viable	YOR273C	YOR273C	TPO4	Transporter of POlyamines	YOR273C	S000005799	S000005799	Q12256
	PAC1	SGD	 	0	3	200	0	0.0	viable	YOR269W	YOR269W	PAC1	Perish in the Absence of Cin8p	YOR269W	S000005795	S000005795	P39946
	YOR256C	SGD	G2/M	1	7	0.1	0	0.0	inviable	YOR256C	YOR256C	TRE2	Transferrrin REceptor like	YOR256C	S000005782	S000005782	Q08693
	YOR248W	SGD	G1	1	7	50	1806	1.6	viable	YOR248W	YOR248W			YOR248W	S000005774	S000005774	Q08681
	YOR246C	SGD	 	0	1	200	0	0.0	viable	YOR246C	YOR246C	ENV9	late ENdosome and Vacuole interface function	YOR246C	S000005772	S000005772	Q08651
	SSP2	SGD	M/G1	1	3	2	0	0.0	viable	YOR242C	YOR242C	SSP2	Sporulation SPecific	YOR242C	S000005768	S000005768	Q08646
	RPB8	SGD	 	0	1	1500	3483	0.4	inviable	YOR224C	YOR224C	RPB8	RNA Polymerase B	YOR224C	S000005750	S000005750	P20436
	SLK19	SGD	G1	3	6	0.1	17857	5.3	viable	YOR195W	YOR195W	SLK19	Synthetic Lethal Kar3p	YOR195W	S000005721	S000005721	Q08581
	RIS1	SGD	 	2	7	0.1	0	0.0	viable	YOR191W	YOR191W	ULS1	Ubiquitin Ligase for SUMO conjugates	YOR191W	S000005717	S000005717	Q08562
	MSB1	SGD	S	3	15	0.1	3061	4.5	viable	YOR188W	YOR188W	MSB1	Multicopy Suppression of a Budding defect	YOR188W	S000005714	S000005714	P21339
	TUF1	SGD	 	2	3	5	0	0.0	viable	YOR187W	YOR187W	TUF1		YOR187W	S000005713	S000005713	P02992
	GAC1	SGD	 	3	10	30	9479	2.5	viable	YOR178C	YOR178C	GAC1	Glycogen ACcumulation	YOR178C	S000005704	S000005704	P28006
	MPC54	SGD	 	3	5	100	111680	3.0	viable	YOR177C	YOR177C	MPC54	Meiotic Plaque Component	YOR177C	S000005703	S000005703	Q08550
	HEM15	SGD	G1	1	3	200	1704	0.9	inviable	YOR176W	YOR176W	HEM15	HEMe biosynthesis	YOR176W	S000005702	S000005702	P16622
	ELG1	SGD	G1	1	2	50	117	0.4	viable	YOR144C	YOR144C	ELG1	Enhanced Level of Genomic instability	YOR144C	S000005670	S000005670	Q12050
	YOR129C	SGD	G2/M	3	5	75	0	0.0	viable	YOR129C	YOR129C	AFI1	ArF3-Interacting protein	YOR129C	S000005655	S000005655	Q99222
	ADE2	SGD	 	2	5	3500	810	-0.6	viable	YOR128C	YOR128C	ADE2	ADEnine requiring	YOR128C	S000005654	S000005654	P21264
	RGA1	SGD	M/G1	1	15	0.1	503	3.7	viable	YOR127W	YOR127W	RGA1	Rho GTPase Activating Protein	YOR127W	S000005653	S000005653	P39083
	UBP2	SGD	 	4	10	350	878	0.4	viable	YOR124C	YOR124C	UBP2	UBiquitin-specific Protease	YOR124C	S000005650	S000005650	Q01476
	PIN2	SGD	G2/M	1	6	150	45428	2.5	viable	YOR104W	YOR104W	PIN2	Psi+ INducibility	YOR104W	S000005630	S000005630	Q12057
	NUP1	SGD	 	2	15	0.1	14176	5.2	inviable	YOR098C	YOR098C	NUP1	NUclear Pore	YOR098C	S000005624	S000005624	P20676
	YOR093C	SGD	 	2	9	0.1	0	0.0	viable	YOR093C	YOR093C	CMR2	Changed Mutation Rate	YOR093C	S000005619	S000005619	Q12275
	WHI5	SGD	G1	4	12	350	31266	2.0	viable	YOR083W	YOR083W	WHI5	WHIskey	YOR083W	S000005609	S000005609	Q12416
	YOR081C	SGD	 	3	11	20	14852	2.9	viable	YOR081C	YOR081C	TGL5	TriacylGlycerol Lipase	YOR081C	S000005607	S000005607	Q12043
	UFE1	SGD	G1	0	2	10	71380	3.9	inviable	YOR075W	YOR075W	UFE1	Unknown Function Essential	YOR075W	S000005601	S000005601	P41834
	YOR073W	SGD	S	1	5	400	0	0.0	viable	YOR073W	YOR073W	SGO1	"ShuGOshin (Japanese for ""guardian spirit"")"	YOR073W	S000005599	S000005599	Q08490
	GYP1	SGD	 	2	8	0.1	0	0.0	viable	YOR070C	YOR070C	GYP1	Gtpase-activating protein for YPt1p	YOR070C	S000005596	S000005596	Q08484
	YOR066W	SGD	M/G1	4	25	0.1	17932	5.3	viable	YOR066W	YOR066W	MSA1	Mbf and Sbf Associated	YOR066W	S000005592	S000005592	Q08471
	ASE1	SGD	G2/M	7	12	0.1	555	3.7	viable	YOR058C	YOR058C	ASE1	Anaphase Spindle Elongation	YOR058C	S000005584	S000005584	P50275
	CYC2	SGD	 	2	5	1	1089	3.0	viable	YOR037W	YOR037W	CYC2	CYtochrome C	YOR037W	S000005563	S000005563	P38909
	HST3	SGD	G2/M	1	6	200	12703	1.8	viable	YOR025W	YOR025W	HST3	Homolog of SIR Two (SIR2)	YOR025W	S000005551	S000005551	P53687
	YOR022C	SGD	 	2	7	0.1	0	0.0	viable	YOR022C	YOR022C	DDL1	DDHD Domain-containing Lipase	YOR022C	S000005548	S000005548	Q12204
	ROD1	SGD	M/G1	1	6	100	2275	1.4	viable	YOR018W	YOR018W	ROD1	Resistance to O-Dinitrobenzene	YOR018W	S000005544	S000005544	Q02805
	PET127	SGD	 	2	4	0.1	0	0.0	viable	YOR017W	YOR017W	PET127	PETite colonies	YOR017W	S000005543	S000005543	P32606
	RTS1	SGD	 	2	9	0.1	2281	4.4	viable	YOR014W	YOR014W	RTS1	Rox Three Suppressor	YOR014W	S000005540	S000005540	P38903
	RRP6	SGD	 	2	10	1	2792	3.4	viable	YOR001W	YOR001W	RRP6	Ribosomal RNA Processing	YOR001W	S000005527	S000005527	Q12149
	YOL138C	SGD	 	2	16	200	0	0.0	viable	YOL138C	YOL138C	RTC1	Restriction of Telomere Capping	YOL138C	S000005498	S000005498	Q08281
	GAS4	SGD	G2/M	0	4	0.1	0	0.0	viable	YOL132W	YOL132W	GAS4	Glycophospholipid-Anchored Surface protein	YOL132W	S000005492	S000005492	Q08271
	MDH2	SGD	 	0	5	200	0	0.0	viable	YOL126C	YOL126C	MDH2	Malate DeHydrogenase	YOL126C	S000005486	S000005486	P22133
	YOL101C	SGD	M/G1	1	1	25	439	1.2	viable	YOL101C	YOL101C	IZH4	Implicated in Zinc Homeostasis	YOL101C	S000005461	S000005461	Q99393
	PKH2	SGD	 	3	21	50	26164	2.7	viable	YOL100W	YOL100W	PKH2	Pkb-activating Kinase Homolog	YOL100W	S000005460	S000005460	Q12236
	AVO1	SGD	 	0	8	0.1	0	0.0	inviable	YOL078W	YOL078W	AVO1	Adheres VOraciously (to TOR2)	YOL078W	S000005438	S000005438	Q08236
	MDM20	SGD	 	2	2	2500	0	0.0	viable	YOL076W	YOL076W	MDM20	Mitochondrial Distribution and Morphology	YOL076W	S000005436	S000005436	Q12387
	EMI5	SGD	 	0	1	200	43	-0.7	viable	YOL071W	YOL071W	SDH5	Succinate DeHydrogenase	YOL071W	S000005432	S000005432	Q08230
	YOL070C	SGD	G2/M	2	6	50	69477	3.1	viable	YOL070C	YOL070C	NBA1	Nap1p and Bud neck Associated	YOL070C	S000005431	S000005431	Q08229
	HST1	SGD	 	0	2	100	0	0.0	viable	YOL068C	YOL068C	HST1	Homolog of SIR Two (SIR2)	YOL068C	S000005429	S000005429	P53685
	APM4	SGD	 	0	5	2000	78590	1.6	viable	YOL062C	YOL062C	APM4	clathrin Adaptor Protein complex Medium chain	YOL062C	S000005423	S000005423	Q99186
	ARG1	SGD	S/G2	2	3	10	237747	4.4	viable	YOL058W	YOL058W	ARG1	ARGinine requiring	YOL058W	S000005419	S000005419	P22768
	RPP2A	SGD	 	0	1	750	0	0.0	viable	YOL039W	YOL039W	RPP2A	Ribosomal Protein P2 Alpha	YOL039W	S000005399	S000005399	P05319
	YOL036W	SGD	 	2	14	25	2983	2.1	viable	YOL036W	YOL036W			YOL036W	S000005396	S000005396	Q08206
	MSE1	SGD	 	5	7	2500	91927	1.6	viable	YOL033W	YOL033W	MSE1	Mitochondrial aminoacyl-tRNA Synthetase, Glutamate (E)	YOL033W	S000005393	S000005393	P48525
	CMK2	SGD	G1	0	2	500	30	-1.2	viable	YOL016C	YOL016C	CMK2	CalModulin dependent protein Kinase	YOL016C	S000005376	S000005376	P22517
	YNR047W	SGD	 	3	16	10	37396	3.6	viable	YNR047W	YNR047W	FPK1	FliPase Kinase 1	YNR047W	S000005330	S000005330	P53739
	PET494	SGD	 	2	3	50	0	0.0	viable	YNR045W	YNR045W	PET494	PETite colonies	YNR045W	S000005328	S000005328	P07390
	ARE2	SGD	 	0	2	200	0	0.0	viable	YNR019W	YNR019W	ARE2	Acyl-coenzyme A: cholesterol acyl transferase-Related Enzyme	YNR019W	S000005302	S000005302	P53629
	ACC1	SGD	 	4	15	0.1	0	0.0	inviable	YNR016C	YNR016C	ACC1	Acetyl-CoA Carboxylase	YNR016C	S000005299	S000005299	Q00955
	YNR009W	SGD	S	2	5	250	1037	0.6	viable	YNR009W	YNR009W	NRM1	Negative Regulator of MBF targets	YNR009W	S000005292	S000005292	P53718
	YRF1-6	SGD	G1	2	5	0.1	23847	5.4	viable	YNL339C	YNL339C	YRF1-6		YNL339C	S000005283	S000005283	P53819
	YNL321W	SGD	 	2	7	10	52139	3.7	viable	YNL321W	YNL321W	VNX1	Vacuolar Na+/H+ eXchanger	YNL321W	S000005265	S000005265	P42839
	HXT14	SGD	 	1	3	0.1	0	0.0	viable	YNL318C	YNL318C	HXT14	HeXose Transporter	YNL318C	S000005262	S000005262	P42833
	STB1	SGD	G1	5	18	20	16840	2.9	viable	YNL309W	YNL309W	STB1	Sin Three Binding protein	YNL309W	S000005253	S000005253	P42845
	TRF5	SGD	 	2	4	0.1	0	0.0	viable	YNL299W	YNL299W	TRF5	Topoisomerase one-Related Function	YNL299W	S000005243	S000005243	P48561
	PCL1	SGD	G1	1	6	250	0	0.0	viable	YNL289W	YNL289W	PCL1	Pho85 CycLin	YNL289W	S000005233	S000005233	P24867
	CAF120	SGD	 	5	27	0.1	17883	5.3	viable	YNL278W	YNL278W	CAF120	CCR4 Associated Factor	YNL278W	S000005222	S000005222	P53836
	TOF1	SGD	G1	1	6	0.1	0	0.0	viable	YNL273W	YNL273W	TOF1	TOpoisomerase I-interacting Factor	YNL273W	S000005217	S000005217	P53840
	BNI1	SGD	 	3	19	0.1	15168	5.2	viable	YNL271C	YNL271C	BNI1	Bud Neck Involved	YNL271C	S000005215	S000005215	P41832
	DSL1	SGD	 	2	3	200	0	0.0	inviable	YNL258C	YNL258C	DSL1	Dependence on SLy1-20	YNL258C	S000005202	S000005202	P53847
	SIP3	SGD	 	2	9	0.1	5728	4.8	viable	YNL257C	YNL257C	SIP3	SNF1-Interacting Protein	YNL257C	S000005201	S000005201	P38717
	YNL254C	SGD	 	2	2	200	9066	1.7	viable	YNL254C	YNL254C	RTC4	Restriction of Telomere Capping	YNL254C	S000005198	S000005198	P53850
	CWC25	SGD	 	0	2	100	847	0.9	inviable	YNL245C	YNL245C	CWC25	Complexed With Cef1p	YNL245C	S000005189	S000005189	P53854
	SLA2	SGD	 	2	10	1500	128639	1.9	viable	YNL243W	YNL243W	SLA2	Synthetic Lethal with ABP1	YNL243W	S000005187	S000005187	P33338
	BNI4	SGD	G1	4	19	0.1	0	0.0	viable	YNL233W	YNL233W	BNI4	Bud Neck Involved	YNL233W	S000005177	S000005177	P53858
	ELA1	SGD	 	2	4	50	0	0.0	viable	YNL230C	YNL230C	ELA1	ELongin A	YNL230C	S000005174	S000005174	P53861
	MER1	SGD	 	0	1	100	0	0.0	viable	YNL210W	YNL210W	MER1	MEiotic Recombination	YNL210W	S000005154	S000005154	P16523
	YNL198C	SGD	 	0	2	10	0	0.0	viable	YNL198C	YNL198C			YNL198C	S000005142	S000005142	P40166
	WHI3	SGD	S/G2	2	8	20	611	1.5	viable	YNL197C	YNL197C	WHI3	WHIskey	YNL197C	S000005141	S000005141	P34761
	YNL181W	SGD	G1	1	2	400	1236	0.5	inviable	YNL181W	YNL181W	PBR1	Potentiates Bioactive compound Response	YNL181W	S000005125	S000005125	P53878
	MDG1	SGD	M/G1	1	2	500	246	-0.3	viable	YNL173C	YNL173C	MDG1	Multicopy suppressor of Defective G-protein	YNL173C	S000005117	S000005117	P53885
	APC1	SGD	G2/M	1	12	0.1	0	0.0	inviable	YNL172W	YNL172W	APC1	Anaphase Promoting Complex subunit	YNL172W	S000005116	S000005116	P53886
	YNL171C	SGD	G2/M	0	1	100	0	0.0	viable	YNL171C	YNL171C			YNL171C	S000005115	S000005115	P53887
	RPL42A	SGD	 	0	0	200	0	0.0	inviable	YNL162W	YNL162W	RPL42A	Ribosomal Protein of the Large subunit	YNL162W	S000005106	S000005106	P0CX27
	YGP1	SGD	M/G1	1	5	1000	395	-0.4	viable	YNL160W	YNL160W	YGP1	Yeast GlycoProtein	YNL160W	S000005104	S000005104	P38616
	RLR1	SGD	 	2	7	0.1	0	0.0	viable	YNL139C	YNL139C	THO2	suppressor of the Transcriptional defect of Hpr1 by Overexpression	YNL139C	S000005083	S000005083	P53552
	YNL136W	SGD	 	2	6	150	0	0.0	viable	YNL136W	YNL136W	EAF7	Esa1-Associated Factor	YNL136W	S000005080	S000005080	P53911
	SPC98	SGD	G1	3	7	100	4194	1.6	inviable	YNL126W	YNL126W	SPC98	Spindle Pole Component	YNL126W	S000005070	S000005070	P53540
	INP52	SGD	 	3	10	0.1	0	0.0	viable	YNL106C	YNL106C	INP52	INositol polyphosphate 5-Phosphatase	YNL106C	S000005050	S000005050	P50942
	MET4	SGD	 	1	6	0.1	0	0.0	inviable	YNL103W	YNL103W	MET4	METhionine requiring	YNL103W	S000005047	S000005047	P32389
	POL1	SGD	G1	2	13	25	5560	2.3	inviable	YNL102W	YNL102W	POL1	POLymerase	YNL102W	S000005046	S000005046	P13382
	YPT53	SGD	 	0	0	500	1210	0.4	viable	YNL093W	YNL093W	YPT53	Yeast Protein Two	YNL093W	S000005037	S000005037	P36019
	YNL092W	SGD	 	2	3	500	0	0.0	viable	YNL092W	YNL092W			YNL092W	S000005036	S000005036	P53934
	PMS1	SGD	G1	5	6	50	479	1.0	viable	YNL082W	YNL082W	PMS1	PostMeiotic Segregation	YNL082W	S000005026	S000005026	P14242
	IMP4	SGD	 	0	0	200	0	0.0	inviable	YNL075W	YNL075W	IMP4	Interacting with Mpp10p	YNL075W	S000005019	S000005019	P53941
	FKH2	SGD	 	3	11	0.1	2735	4.4	viable	YNL068C	YNL068C	FKH2	ForK head Homolog	YNL068C	S000005012	S000005012	P41813
	NOP2	SGD	 	0	4	100	0	0.0	inviable	YNL061W	YNL061W	NOP2	NucleOlar Protein	YNL061W	S000005005	S000005005	P40991
	YNL058C	SGD	G2/M	2	5	100	17884	2.3	viable	YNL058C	YNL058C			YNL058C	S000005003	S000005003	P53947
	VAC7	SGD	 	3	9	3000	9690	0.5	viable	YNL054W	YNL054W	VAC7	VACuolar segregation	YNL054W	S000004999	S000004999	P53950
	LIT1	SGD	 	2	7	0.1	0	0.0		YNL047C	YNL047C	SLM2	Synthetic Lethal with Mss4	YNL047C	S000004992	S000004992	P53955
	BOP3	SGD	 	4	9	200	166303	2.9	viable	YNL042W	YNL042W	BOP3	Bypass Of Pam1	YNL042W	S000004987	S000004987	P53958
	YNL035C	SGD	 	2	3	100	0	0.0	viable	YNL035C	YNL035C			YNL035C	S000004980	S000004980	P53962
	MRP7	SGD	 	0	1	0.1	0	0.0	viable	YNL005C	YNL005C	MRP7	Mitochondrial Ribosomal Protein	YNL005C	S000004950	S000004950	P12687
	SNO4	SGD	 	1	1	750	259	-0.5	viable	YMR322C	YMR322C	SNO4	SNZ proximal Open reading frame	YMR322C	S000004941	S000004941	Q04902
	UBP15	SGD	 	0	5	100	0	0.0	viable	YMR304W	YMR304W	UBP15	UBiquitin-specific Protease	YMR304W	S000004920	S000004920	P50101
	HAS1	SGD	 	2	5	1000	6113	0.8	inviable	YMR290C	YMR290C	HAS1	Helicase Associated with Set1	YMR290C	S000004903	S000004903	Q03532
	MSU1	SGD	 	2	8	0.1	0	0.0	viable	YMR287C	YMR287C	DSS1	Deletion of SUV3 Supressor	YMR287C	S000004900	S000004900	P39112
	YMR233W	SGD	 	2	3	1000	672	-0.2	viable	YMR233W	YMR233W	TRI1		YMR233W	S000004846	S000004846	Q05024
	FUS2	SGD	 	3	8	0.1	0	0.0	viable	YMR232W	YMR232W	FUS2	cell FUSion	YMR232W	S000004845	S000004845	Q05670
	ESC1	SGD	 	2	12	500	0	0.0	viable	YMR219W	YMR219W	ESC1	Establishes Silent Chromatin	YMR219W	S000004832	S000004832	Q03661
	HFA1	SGD	 	3	14	0.1	0	0.0	viable	YMR207C	YMR207C	HFA1		YMR207C	S000004820	S000004820	P32874
	CLN1	SGD	G1	1	6	0.1	0	0.0	viable	YMR199W	YMR199W	CLN1	CycLiN	YMR199W	S000004812	S000004812	P20437
	SMP2	SGD	 	2	15	2000	60773	1.5	viable	YMR165C	YMR165C	PAH1	Phosphatidic Acid phosphoHydrolase	YMR165C	S000004775	S000004775	P32567
	NUP53	SGD	 	2	7	500	12218	1.4	viable	YMR153W	YMR153W	NUP53	NUclear Pore	YMR153W	S000004762	S000004762	Q03790
	PSO2	SGD	 	2	2	50	0	0.0	viable	YMR137C	YMR137C	PSO2	PSOralen derivative sensitive	YMR137C	S000004745	S000004745	P30620
	REC114	SGD	 	2	7	0.1	0	0.0	viable	YMR133W	YMR133W	REC114	RECombination	YMR133W	S000004740	S000004740	P32841
	POM152	SGD	 	2	9	0.1	694	3.8	viable	YMR129W	YMR129W	POM152	POre Membrane	YMR129W	S000004736	S000004736	P39685
	YMR124W	SGD	 	4	13	0.1	0	0.0	viable	YMR124W	YMR124W	EPO1	Endoplasmic reticulum POlarization	YMR124W	S000004731	S000004731	P39523
	AIP1	SGD	 	2	6	5000	0	0.0	viable	YMR092C	YMR092C	AIP1	Actin Interacting Protein	YMR092C	S000004698	S000004698	P46680
	YMR086W	SGD	 	2	10	0.1	0	0.0	viable	YMR086W	YMR086W	SEG1	Stability of Eisosomes Guaranteed	YMR086W	S000004692	S000004692	Q04279
	ERB1	SGD	 	2	4	50	0	0.0	inviable	YMR049C	YMR049C	ERB1	Eukaryotic Ribosome Biogenesis	YMR049C	S000004652	S000004652	Q04660
	MIH1	SGD	 	2	9	5	35512	3.9	viable	YMR036C	YMR036C	MIH1	Mitotic Inducer Homolog	YMR036C	S000004639	S000004639	P23748
	QRI8	SGD	 	1	6	100	0	0.0	viable	YMR022W	YMR022W	UBC7	UBiquitin-Conjugating enzyme	YMR022W	S000004624	S000004624	Q02159
	YMR018W	SGD	 	0	0	0.1	0	0.0	viable	YMR018W	YMR018W	PEX9	PEroXin	YMR018W	S000004620	S000004620	Q04364
	SPO20	SGD	 	1	2	0.1	0	0.0	viable	YMR017W	YMR017W	SPO20	SPOrulation	YMR017W	S000004619	S000004619	Q04359
	CLU1	SGD	 	2	7	200	0	0.0	viable	YMR012W	YMR012W	CLU1	CLUstered mitochondria	YMR012W	S000004614	S000004614	Q03690
	TAF4	SGD	 	3	7	1500	399586	2.4	inviable	YMR005W	YMR005W	TAF4	TATA binding protein-Associated Factor	YMR005W	S000004607	S000004607	P50105
	CDC5	SGD	G2/M	1	5	5	7404	3.2	inviable	YMR001C	YMR001C	CDC5	Cell Division Cycle	YMR001C	S000004603	S000004603	P32562
	YML119W	SGD	G2/M	3	6	25	238049	4.0	viable	YML119W	YML119W			YML119W	S000004588	S000004588	Q03208
	ZDS2	SGD	G1	2	6	0.1	0	0.0	viable	YML109W	YML109W	ZDS2	Zillion Different Screens	YML109W	S000004577	S000004577	P54786
	YML108W	SGD	 	0	0	2500	1175	-0.3	viable	YML108W	YML108W			YML108W	S000004576	S000004576	Q03759
	URA5	SGD	 	0	1	2000	0	0.0	viable	YML106W	YML106W	URA5	URAcil requiring	YML106W	S000004574	S000004574	P13298
	RPM2	SGD	 	2	10	2000	0	0.0	inviable	YML091C	YML091C	RPM2	RNase P Mitochondrial	YML091C	S000004556	S000004556	Q02773
	YML079W	SGD	 	0	3	1000	0	0.0	viable	YML079W	YML079W			YML079W	S000004544	S000004544	Q03629
	SMA2	SGD	G2/M	1	4	75	0	0.0	viable	YML066C	YML066C	SMA2	Spore Membrane Assembly	YML066C	S000004531	S000004531	Q04658
	ORC1	SGD	S/G2	1	5	3	4996	3.2	inviable	YML065W	YML065W	ORC1	Origin Recognition Complex	YML065W	S000004530	S000004530	P54784
	YML059C	SGD	 	1	17	0.1	0	0.0	viable	YML059C	YML059C	NTE1	Neuropathy Target Esterase	YML059C	S000004524	S000004524	Q04958
	SRC1	SGD	G2/M	2	9	500	380811	2.9	viable	YML034W	YML034W	SRC1	Spliced mRNA and Cell cycle regulated gene	YML034W	S000004497	S000004497	Q03707
	YOX1	SGD	G1	4	14	10	5713	2.8	viable	YML027W	YML027W	YOX1	Yeast homeobOX	YML027W	S000004489	S000004489	P34161
	YML020W	SGD	G1	1	4	250	11745	1.7	viable	YML020W	YML020W			YML020W	S000004482	S000004482	Q03722
	YRF1-4	SGD	M/G1	1	2	0.1	0	0.0		YLR466W	YLR466W	YRF1-4		YLR466W	S000004458	S000004458	O13559
	YLR464W	SGD	G1	1	2	1000	7305	0.9		YLR464W	YLR464W			YLR464W	S000004456	S000004456	P0CX17
	YLR463C	SGD	M/G1	2	4	0.1	0	0.0		YLR463C	YLR463C			YLR463C	S000004455	S000004455	O13557
	NBP1	SGD	G1	3	7	0.1	487	3.7	inviable	YLR457C	YLR457C	NBP1	Nap1 Binding Protein	YLR457C	S000004449	S000004449	P52919
	YLR454W	SGD	 	2	16	25	0	0.0	viable	YLR454W	YLR454W	FMP27	Found in Mitochondrial Proteome	YLR454W	S000004446	S000004446	Q06179
	SEN1	SGD	 	2	13	0.1	494	3.7	inviable	YLR430W	YLR430W	SEN1	Splicing ENdonuclease	YLR430W	S000004422	S000004422	Q00416
	MAG2	SGD	 	2	5	250	0	0.0	viable	YLR427W	YLR427W	MAG2		YLR427W	S000004419	S000004419	Q06436
	TUS1	SGD	 	2	19	1	8153	3.9	viable	YLR425W	YLR425W	TUS1	TOR Unique function Suppressor	YLR425W	S000004417	S000004417	Q06412
	YLR422W	SGD	 	2	11	0.1	0	0.0	viable	YLR422W	YLR422W	DCK1	DoCK1 homolog	YLR422W	S000004414	S000004414	Q06409
	YLR413W	SGD	G2/M	0	6	0.1	0	0.0	viable	YLR413W	YLR413W	INA1	INdicator of Abscission	YLR413W	S000004405	S000004405	Q06689
	DUS3	SGD	 	2	4	10	1608	2.2	viable	YLR401C	YLR401C	DUS3	DihydroUridine Synthase	YLR401C	S000004393	S000004393	Q06053
	SKI2	SGD	 	2	10	20	0	0.0	viable	YLR398C	YLR398C	SKI2	SuperKIller	YLR398C	S000004390	S000004390	P35207
	AFG2	SGD	 	2	4	5000	2138	-0.4	inviable	YLR397C	YLR397C	AFG2	ATPase Family Gene	YLR397C	S000004389	S000004389	P32794
	CST9	SGD	 	2	6	1	709	2.9	viable	YLR394W	YLR394W	CST9	Chromosome STability	YLR394W	S000004386	S000004386	Q06032
	VAC14	SGD	 	2	9	100	1038	1.0	viable	YLR386W	YLR386W	VAC14	VACuole morphology and inheritance mutant	YLR386W	S000004378	S000004378	Q06708
	CSR1	SGD	G1	1	3	250	21467	1.9	viable	YLR380W	YLR380W	CSR1	Chs5 Spa2 Rescue	YLR380W	S000004372	S000004372	Q06705
	SUR4	SGD	G1	1	1	10	0	0.0	viable	YLR372W	YLR372W	ELO3	fatty acid ELOngation	YLR372W	S000004364	S000004364	P40319
	ROM2	SGD	 	2	11	25	0	0.0	viable	YLR371W	YLR371W	ROM2	RhO1 Multicopy suppressor	YLR371W	S000004363	S000004363	P51862
	ARC18	SGD	 	0	2	500	0	0.0	viable	YLR370C	YLR370C	ARC18	ARp2/3 Complex subunit	YLR370C	S000004362	S000004362	Q05933
	BUD8	SGD	G2/M	2	10	50	272	0.7	viable	YLR353W	YLR353W	BUD8	BUD site selection	YLR353W	S000004345	S000004345	P41698
	NIT3	SGD	 	2	4	3000	914	-0.5	viable	YLR351C	YLR351C	NIT3	NITrilase superfamily	YLR351C	S000004343	S000004343	P49954
	YLR343W	SGD	G1	1	3	0.1	0	0.0	viable	YLR343W	YLR343W	GAS2	Glycophospholipid-Anchored Surface protein	YLR343W	S000004335	S000004335	Q06135
	FKS1	SGD	G1	1	13	0.1	0	0.0	viable	YLR342W	YLR342W	FKS1	FK506 Sensitivity	YLR342W	S000004334	S000004334	P38631
	SFH1	SGD	 	2	4	0.1	0	0.0	inviable	YLR321C	YLR321C	SFH1	Snf Five Homolog	YLR321C	S000004313	S000004313	Q06168
	BUD6	SGD	 	2	10	50	6175	2.1	viable	YLR319C	YLR319C	BUD6	BUD site selection	YLR319C	S000004311	S000004311	P41697
	SPH1	SGD	G1	2	7	25	136	0.7	viable	YLR313C	YLR313C	SPH1	SPa2 Homolog	YLR313C	S000004305	S000004305	Q06160
	YLR287C	SGD	 	2	2	1000	7823	0.9	viable	YLR287C	YLR287C			YLR287C	S000004277	S000004277	Q05881
	CTS1	SGD	G1	1	5	10	0	0.0	viable	YLR286C	YLR286C	CTS1	ChiTinaSe	YLR286C	S000004276	S000004276	P29029
	YLR278C	SGD	 	3	11	0.1	1780	4.3	viable	YLR278C	YLR278C			YLR278C	S000004268	S000004268	Q05854
	PIG1	SGD	M/G1	2	9	250	2695	1.0	viable	YLR273C	YLR273C	PIG1	Protein Interacting with Gsy2p	YLR273C	S000004263	S000004263	Q06216
	YLR247C	SGD	 	2	9	0.1	0	0.0	viable	YLR247C	YLR247C	IRC20	Increased Recombination Centers	YLR247C	S000004237	S000004237	Q06554
	ARV1	SGD	 	0	1	0.1	0	0.0	viable	YLR242C	YLR242C	ARV1	ARE2 Required for Viability	YLR242C	S000004232	S000004232	Q06541
	VPS34	SGD	 	2	5	200	4262	1.3	viable	YLR240W	YLR240W	VPS34	Vacuolar Protein Sorting	YLR240W	S000004230	S000004230	P22543
	FAR10	SGD	 	2	5	25	29767	3.1	viable	YLR238W	YLR238W	FAR10	Factor ARrest	YLR238W	S000004228	S000004228	Q06001
	IFH1	SGD	 	2	6	150	230698	3.2	inviable	YLR223C	YLR223C	IFH1	Interacts with Fork Head	YLR223C	S000004213	S000004213	P39520
	MSC3	SGD	 	3	10	50	6002	2.1	viable	YLR219W	YLR219W	MSC3	Meiotic Sister-Chromatid recombination	YLR219W	S000004209	S000004209	Q05812
	HCR1	SGD	 	0	3	2000	2714	0.1	viable	YLR192C	YLR192C	HCR1	High-Copy suppressor of Rpg1	YLR192C	S000004182	S000004182	Q05775
	MMR1	SGD	G2/M	2	7	50	308587	3.8	viable	YLR190W	YLR190W	MMR1	Mitochondrial Myo2p Receptor-related	YLR190W	S000004180	S000004180	Q06324
	YLR187W	SGD	 	2	21	0.1	3331	4.5	viable	YLR187W	YLR187W	SKG3	Suppressor of lethality of Kex2 Gas1 double null mutant	YLR187W	S000004177	S000004177	Q06315
	TOS4	SGD	G1	3	9	0.1	8301	4.9	viable	YLR183C	YLR183C	TOS4	Target Of Sbf	YLR183C	S000004173	S000004173	Q06266
	SWI6	SGD	 	2	5	1	3967	3.6	viable	YLR182W	YLR182W	SWI6	SWItching deficient	YLR182W	S000004172	S000004172	P09959
	YLR173W	SGD	 	2	3	5	0	0.0	viable	YLR173W	YLR173W			YLR173W	S000004163	S000004163	Q06247
	YLR156W	SGD	 	0	1	50	0	0.0		YLR156W	YLR156W			YLR156W	S000004146	S000004146	P0CE96
	SLS1	SGD	 	0	12	0.1	0	0.0	viable	YLR139C	YLR139C	SLS1	Synthetic Lethal with SSM4	YLR139C	S000004129	S000004129	P42900
	SLX4	SGD	G1	2	6	50	0	0.0	viable	YLR135W	YLR135W	SLX4	Synthetic Lethal of unknown (X) function	YLR135W	S000004125	S000004125	Q12098
	YLR132C	SGD	 	2	3	1000	0	0.0	inviable	YLR132C	YLR132C	USB1	U Six Biogenesis	YLR132C	S000004122	S000004122	Q12208
	ACE2	SGD	G2/M	7	21	50	15189	2.5	viable	YLR131C	YLR131C	ACE2	Activator of CUP1 Expression	YLR131C	S000004121	S000004121	P21192
	YLR128W	SGD	 	0	1	500	0	0.0	viable	YLR128W	YLR128W	DCN1	Defective in Cullin Neddylation	YLR128W	S000004118	S000004118	Q12395
	SRN2	SGD	 	0	1	100	0	0.0	viable	YLR119W	YLR119W	SRN2	Suppressor of Rna mutations, Number 2	YLR119W	S000004109	S000004109	Q99176
	YLR114C	SGD	 	0	6	0.1	0	0.0	viable	YLR114C	YLR114C	AVL9	Apl2 Vps1 Lethal	YLR114C	S000004104	S000004104	Q12500
	KIN2	SGD	 	1	11	0.1	391	3.6	viable	YLR096W	YLR096W	KIN2	KINase	YLR096W	S000004086	S000004086	P13186
	YLR091W	SGD	 	2	6	50	0	0.0	viable	YLR091W	YLR091W	GEP5	GEnetic interactors of Prohibitins	YLR091W	S000004081	S000004081	Q12393
	SMC4	SGD	 	5	10	0.1	1373	4.1	inviable	YLR086W	YLR086W	SMC4	Structural Maintenance of Chromosomes	YLR086W	S000004076	S000004076	Q12267
	RAX2	SGD	G2/M	1	8	75	2517	1.5	viable	YLR084C	YLR084C	RAX2		YLR084C	S000004074	S000004074	Q12465
	EMP46	SGD	 	2	3	0.1	0	0.0	viable	YLR080W	YLR080W	EMP46		YLR080W	S000004070	S000004070	Q12396
	SIC1	SGD	M/G1	3	9	200	996630	3.7	viable	YLR079W	YLR079W	SIC1	Substrate/Subunit Inhibitor of Cyclin-dependent protein kinase	YLR079W	S000004069	S000004069	P38634
	YLR072W	SGD	 	2	7	250	2038	0.9	viable	YLR072W	YLR072W	LAM6	Lipid transfer protein Anchored at Membrane contact site	YLR072W	S000004062	S000004062	Q08001
	SHM2	SGD	S/G2	1	5	5000	2159	-0.4	viable	YLR058C	YLR058C	SHM2	Serine HydroxyMethyltransferase	YLR058C	S000004048	S000004048	P37291
	YLR057W	SGD	G2/M	1	2	100	847	0.9	viable	YLR057W	YLR057W	MNL2	MaNnosidase-Like protein	YLR057W	S000004047	S000004047	Q12205
	IES3	SGD	 	0	3	0.1	0	0.0	viable	YLR052W	YLR052W	IES3	Ino Eighty Subunit	YLR052W	S000004042	S000004042	Q12345
	STU2	SGD	S	1	6	50	5178	2.0	inviable	YLR045C	YLR045C	STU2	Suppressor of TUbulin	YLR045C	S000004035	S000004035	P46675
	MLH2	SGD	 	1	8	0.1	2015	4.3	viable	YLR035C	YLR035C	MLH2	MutL Homolog	YLR035C	S000004025	S000004025	Q07980
	SSK1	SGD	 	3	18	100	61220	2.8	viable	YLR006C	YLR006C	SSK1	Suppressor of Sensor Kinase	YLR006C	S000003996	S000003996	Q07084
	YLR003C	SGD	 	2	3	3000	7534	0.4	viable	YLR003C	YLR003C	CMS1	Complementation of Mcm-10 Suppressor	YLR003C	S000003993	S000003993	Q07897
	YLL064C	SGD	 	0	0	0.1	0	0.0		YLL064C	YLL064C	PAU18	seriPAUperin	YLL064C	S000003987	S000003987	P0CE91
	VPS13	SGD	 	2	20	0.1	0	0.0	viable	YLL040C	YLL040C	VPS13	Vacuolar Protein Sorting	YLL040C	S000003963	S000003963	Q07878
	YLL032C	SGD	S/G2	2	5	500	4777	1.0	viable	YLL032C	YLL032C			YLL032C	S000003955	S000003955	Q07834
	SPA2	SGD	 	2	23	0.1	247	3.4	viable	YLL021W	YLL021W	SPA2	Spindle Pole Antigen	YLL021W	S000003944	S000003944	P23201
	SFI1	SGD	 	5	9	0.1	618	3.8	inviable	YLL003W	YLL003W	SFI1	Suppressor of Fermentation Induced loss of stress resistance	YLL003W	S000003926	S000003926	Q12369
	RTT109	SGD	G1	2	5	250	3810	1.2	viable	YLL002W	YLL002W	RTT109	Regulator of Ty1 Transposition	YLL002W	S000003925	S000003925	Q07794
	BAS1	SGD	 	2	9	250	4181	1.2	viable	YKR099W	YKR099W	BAS1	BASal	YKR099W	S000001807	S000001807	P22035
	MLP1	SGD	 	3	7	0.1	2868	4.5	viable	YKR095W	YKR095W	MLP1	Myosin-Like Protein	YKR095W	S000001803	S000001803	Q02455
	SRL3	SGD	G1	1	4	50	9219	2.3	viable	YKR091W	YKR091W	SRL3	Suppressor of rad53 Lethality	YKR091W	S000001799	S000001799	P36167
	PXL1	SGD	G1	1	9	300	219235	2.9	viable	YKR090W	YKR090W	PXL1	PaXillin-Like protein	YKR090W	S000001798	S000001798	P36166
	YKR089C	SGD	 	2	9	0.1	114	3.1	viable	YKR089C	YKR089C	TGL4	TriacylGlycerol Lipase	YKR089C	S000001797	S000001797	P36165
	YKR079C	SGD	G2/M	1	5	1500	2864	0.3	inviable	YKR079C	YKR079C	TRZ1	tRNase Z	YKR079C	S000001787	S000001787	P36159
	YKR078W	SGD	 	1	4	50	16578	2.5	viable	YKR078W	YKR078W			YKR078W	S000001786	S000001786	P36158
	YKR077W	SGD	G1	4	14	10	0	0.0	viable	YKR077W	YKR077W	MSA2	Mbf and Sbf Associated	YKR077W	S000001785	S000001785	P36157
	MET1	SGD	S	1	2	1000	37023	1.6	viable	YKR069W	YKR069W	MET1	METhionine requiring	YKR069W	S000001777	S000001777	P36150
	GAP1	SGD	S/G2	1	5	100	0	0.0	viable	YKR039W	YKR039W	GAP1	General Amino acid Permease	YKR039W	S000001747	S000001747	P19145
	YKR021W	SGD	G2/M	1	13	50	1351	1.4	viable	YKR021W	YKR021W	ALY1	Arrestin-Like Yeast protein	YKR021W	S000001729	S000001729	P36117
	VPS67	SGD	 	0	0	20	0	0.0	viable	YKR020W	YKR020W	VPS51	Vacuolar Protein Sorting	YKR020W	S000001728	S000001728	P36116
	TOF2	SGD	S	2	13	250	17335	1.8	viable	YKR010C	YKR010C	TOF2	TOpoisomerase I-interacting Factor	YKR010C	S000001718	S000001718	Q02208
	MRPL13	SGD	 	0	2	300	3646	1.1	viable	YKR006C	YKR006C	MRPL13	Mitochondrial Ribosomal Protein, Large subunit	YKR006C	S000001714	S000001714	Q02204
	YKL222C	SGD	 	0	2	0.1	0	0.0	viable	YKL222C	YKL222C			YKL222C	S000001705	S000001705	P35995
	FRE2	SGD	 	2	6	0.1	0	0.0	viable	YKL220C	YKL220C	FRE2	Ferric REductase	YKL220C	S000001703	S000001703	P36033
	DOA1	SGD	 	2	5	4000	17148	0.6	viable	YKL213C	YKL213C	DOA1	Degradation Of Alpha	YKL213C	S000001696	S000001696	P36037
	DELETED from SGD	SGD	 	2	8	0.1	0	0.0	viable	YKL200C							
	ASH1	SGD	M/G1	7	24	5	2013	2.6	viable	YKL185W	YKL185W	ASH1	Asymmetric Synthesis of HO	YKL185W	S000001668	S000001668	P34233
	FAS1	SGD	M/G1	1	11	0.1	0	0.0	inviable	YKL182W	YKL182W	FAS1	Fatty Acid Synthetase	YKL182W	S000001665	S000001665	P07149
	KKQ8	SGD	 	4	9	150	0	0.0	viable	YKL168C	YKL168C	KKQ8		YKL168C	S000001651	S000001651	P36004
	MCD4	SGD	G1	1	9	0.1	0	0.0	inviable	YKL165C	YKL165C	MCD4	Morphogenesis Checkpoint Dependent	YKL165C	S000001648	S000001648	P36051
	YKL162C	SGD	 	2	6	50	0	0.0	viable	YKL162C	YKL162C			YKL162C	S000001645	S000001645	P36052
	APE2	SGD	 	2	5	50	0	0.0	viable	YKL157W	YKL157W	APE2	AminoPEptidase	YKL157W	S000001640	S000001640	P32454
	RSM22	SGD	 	0	0	0.1	0	0.0	viable	YKL155C	YKL155C	RSM22	Ribosomal Small subunit of Mitochondria	YKL155C	S000001638	S000001638	P36056
	SRP102	SGD	 	0	0	100	0	0.0	inviable	YKL154W	YKL154W	SRP102	Signal Recognition Particle	YKL154W	S000001637	S000001637	P36057
	MYO3	SGD	 	3	6	0.1	526	3.7	viable	YKL129C	YKL129C	MYO3	MYOsin	YKL129C	S000001612	S000001612	P36006
	RRN3	SGD	 	0	1	0.1	0	0.0	inviable	YKL125W	YKL125W	RRN3	Regulation of RNA polymerase I	YKL125W	S000001608	S000001608	P36070
	PRR1	SGD	M/G1	1	11	10	1798	2.3	viable	YKL116C	YKL116C	PRR1	Pheromone Response Regulator	YKL116C	S000001599	S000001599	P28708
	RAD27	SGD	G1	1	2	5000	655	-0.9	viable	YKL113C	YKL113C	RAD27	RADiation sensitive	YKL113C	S000001596	S000001596	P26793
	SLD2	SGD	G1	5	11	50	51144	3.0	inviable	YKL108W	YKL108W	SLD2	Synthetically Lethal with Dpb11-1	YKL108W	S000001591	S000001591	P34252
	YKL105C	SGD	 	2	6	0.1	0	0.0	viable	YKL105C	YKL105C	SEG2	Stability of Eisosomes Guaranteed	YKL105C	S000001588	S000001588	P34250
	HSL1	SGD	G1	2	13	100	504	0.7	viable	YKL101W	YKL101W	HSL1	Histone Synthetic Lethal	YKL101W	S000001584	S000001584	P34244
	MIF2	SGD	G1	2	6	0.1	0	0.0	inviable	YKL089W	YKL089W	MIF2	MItotic Fidelity of chromosome transmission	YKL089W	S000001572	S000001572	P35201
	MDH1	SGD	 	0	3	50	0	0.0	viable	YKL085W	YKL085W	MDH1	Malate DeHydrogenase	YKL085W	S000001568	S000001568	P17505
	STB6	SGD	 	1	4	0.1	0	0.0	viable	YKL072W	YKL072W	STB6	Sin Three Binding protein	YKL072W	S000001555	S000001555	P36085
	ASK1	SGD	S/G2	1	2	1000	5693	0.8	inviable	YKL052C	YKL052C	ASK1	Associated with Spindles and Kinetochores	YKL052C	S000001535	S000001535	P35734
	ELM1	SGD	S/G2	1	11	500	70287	2.1	viable	YKL048C	YKL048C	ELM1	ELongated Morphology	YKL048C	S000001531	S000001531	P32801
	PHD1	SGD	G2/M	1	8	0.1	2120	4.3	viable	YKL043W	YKL043W	PHD1	PseudoHyphal Determinant	YKL043W	S000001526	S000001526	P36093
	SPC42	SGD	G1	1	8	7500	24790	0.5	inviable	YKL042W	YKL042W	SPC42	Spindle Pole Component	YKL042W	S000001525	S000001525	P36094
	RGT1	SGD	 	2	12	75	0	0.0	viable	YKL038W	YKL038W	RGT1	Restores Glucose Transport	YKL038W	S000001521	S000001521	P32862
	YKL014C	SGD	 	1	8	0.1	0	0.0	inviable	YKL014C	YKL014C	URB1	Unhealthy Ribosome Biogenesis	YKL014C	S000001497	S000001497	P34241
	LAC1	SGD	S	1	3	25	0	0.0	viable	YKL008C	YKL008C	LAC1	Longevity-Assurance gene Cognate (LAG1 Cognate)	YKL008C	S000001491	S000001491	P28496
	MET14	SGD	S	1	1	10000	594	-1.2	viable	YKL001C	YKL001C	MET14	METhionine requiring	YKL001C	S000001484	S000001484	Q02196
	BAT2	SGD	G1	2	3	250	0	0.0	viable	YJR148W	YJR148W	BAT2	Branched-chain Amino acid Transaminase	YJR148W	S000003909	S000003909	P47176
	CAF17	SGD	 	1	3	250	0	0.0	viable	YJR122W	YJR122W	IBA57	Iron-sulfur cluster assembly factor for Biotin synthase and Aconitase-like mitochondrial proteins	YJR122W	S000003883	S000003883	P47158
	IME1	SGD	 	0	2	0.1	0	0.0	viable	YJR094C	YJR094C	IME1	Inducer of MEiosis	YJR094C	S000003854	S000003854	P21190
	BUD4	SGD	G2/M	6	14	0.1	60423	5.8	viable	YJR092W	YJR092W	BUD4	BUD site selection	YJR092W	S000003852	S000003852	P47136
	JSN1	SGD	 	2	11	250	23026	2.0	viable	YJR091C	YJR091C	JSN1	Just Say No	YJR091C	S000003851	S000003851	P47135
	BIR1	SGD	 	2	12	25	0	0.0		YJR089W	YJR089W	BIR1	Baculoviral IAP Repeat-containing protein	YJR089W	S000003849	S000003849	P47134
	YJR085C	SGD	 	0	0	10	0	0.0		YJR085C	YJR085C	TMH11	TMem14 Homolog of 11 kDa	YJR085C	S000003845	S000003845	P47131
	ACF4	SGD	 	2	8	10	91539	4.0	viable	YJR083C	YJR083C	ACF4	Assembly Complementing Factor	YJR083C	S000003843	S000003843	P47129
	YJR061W	SGD	 	2	8	10	0	0.0	viable	YJR061W	YJR061W	MNN14	MaNNosyltransferase regulator	YJR061W	S000003822	S000003822	P40355
	PTK2	SGD	 	2	16	300	54365	2.3	viable	YJR059W	YJR059W	PTK2	Putative serine/Threonine protein Kinase	YJR059W	S000003820	S000003820	P47116
	YJR054W	SGD	G1	1	4	1	240931	5.4	viable	YJR054W	YJR054W	KCH1	Potassium (K) regulator of CcH1	YJR054W	S000003815	S000003815	P47114
	POL32	SGD	G1	1	5	2500	11249	0.7	viable	YJR043C	YJR043C	POL32	POLymerase	YJR043C	S000003804	S000003804	P47110
	RAV1	SGD	 	2	11	2	537	2.4	viable	YJR033C	YJR033C	RAV1	Regulator of (H+)-ATPase in Vacuolar membrane	YJR033C	S000003794	S000003794	P47104
	YJR030C	SGD	G1	1	7	250	0	0.0	viable	YJR030C	YJR030C	RBH2	Ran Binding domain Homolog	YJR030C	S000003791	S000003791	P47101
	HYS2	SGD	G1	1	3	1500	10598	0.8	inviable	YJR006W	YJR006W	POL31	POLymerase	YJR006W	S000003766	S000003766	P46957
	VTH2	SGD	 	2	6	50	0	0.0	viable	YJL222W	YJL222W	VTH2	Vps Ten Homolog	YJL222W	S000003758	S000003758	P40890
	YJL217W	SGD	G1	1	1	250	0	0.0	viable	YJL217W	YJL217W	REE1	REgulation of Enolase	YJL217W	S000003753	S000003753	P40893
	YJL207C	SGD	 	2	8	100	0	0.0	viable	YJL207C	YJL207C	LAA1	Large AP-1 Accessory	YJL207C	S000003743	S000003743	P39526
	ECM25	SGD	S	3	12	200	265	0.1	viable	YJL201W	YJL201W	ECM25	ExtraCellular Mutant	YJL201W	S000003737	S000003737	P32525
	CDC6	SGD	M/G1	5	8	0.1	0	0.0	inviable	YJL194W	YJL194W	CDC6	Cell Division Cycle	YJL194W	S000003730	S000003730	P09119
	SWE1	SGD	G1	2	13	2	87408	4.6	viable	YJL187C	YJL187C	SWE1	Saccharomyces WEe1	YJL187C	S000003723	S000003723	P32944
	YJL185C	SGD	 	0	3	0.1	0	0.0	viable	YJL185C	YJL185C	ATG36	AuTophaGy related	YJL185C	S000003721	S000003721	P46983
	HAL5	SGD	 	2	8	50	1211	1.4	viable	YJL165C	YJL165C	HAL5	HALotolerance	YJL165C	S000003701	S000003701	P38970
	FAR1	SGD	G2/M	4	15	100	65166	2.8	viable	YJL157C	YJL157C	FAR1	Factor ARrest	YJL157C	S000003693	S000003693	P21268
	BCK1	SGD	 	5	30	0.1	0	0.0	viable	YJL095W	YJL095W	BCK1	Bypass of C Kinase	YJL095W	S000003631	S000003631	Q01389
	HPR5	SGD	S	5	8	0.1	116	3.1	viable	YJL092W	YJL092W	SRS2	Suppressor of Rad Six	YJL092W	S000003628	S000003628	P12954
	GWT1	SGD	G1	1	2	30	970	1.5	inviable	YJL091C	YJL091C	GWT1	GPI-anchored Wall protein Transfer	YJL091C	S000003627	S000003627	P47026
	SIP4	SGD	 	0	3	0.1	0	0.0	viable	YJL089W	YJL089W	SIP4	SNF1-Interacting Protein	YJL089W	S000003625	S000003625	P46954
	YJL084C	SGD	 	3	18	50	123227	3.4	viable	YJL084C	YJL084C	ALY2	Arrestin-Like Yeast protein	YJL084C	S000003620	S000003620	P47029
	PRY3	SGD	G1	1	4	0.1	0	0.0	viable	YJL078C	YJL078C	PRY3	Pathogen Related in Yeast	YJL078C	S000003614	S000003614	P47033
	ICS3	SGD	 	2	3	0.1	0	0.0	viable	YJL077C	YJL077C	ICS3	Increased Copper Sensitivity	YJL077C	S000003613	S000003613	P47034
	NET1	SGD	 	3	17	0.1	4452	4.6	inviable	YJL076W	YJL076W	NET1	Nucleolar silencing Establishing factor and Telophase regulator	YJL076W	S000003612	S000003612	P47035
	JEM1	SGD	G1	1	4	50	0	0.0	viable	YJL073W	YJL073W	JEM1	DnaJ-like protein of the ER Membrane	YJL073W	S000003609	S000003609	P40358
	BNA3	SGD	S/G2	1	7	5	7995	3.2	viable	YJL060W	YJL060W	BNA3	Biosynthesis of Nicotinic Acid	YJL060W	S000003596	S000003596	P47039
	YJL057C	SGD	 	1	4	0.1	0	0.0	viable	YJL057C	YJL057C	IKS1		YJL057C	S000003593	S000003593	P47042
	YJL055W	SGD	 	0	2	25	0	0.0	viable	YJL055W	YJL055W	LOG1	LOnely Guy	YJL055W	S000003591	S000003591	P47044
	YJL051W	SGD	G2/M	4	15	50	0	0.0	viable	YJL051W	YJL051W	IRC8	Increased Recombination Centers	YJL051W	S000003587	S000003587	P47046
	YJL049W	SGD	 	0	0	150	0	0.0	viable	YJL049W	YJL049W	CHM7	CHarged Multivesicular body protein	YJL049W	S000003585	S000003585	P47048
	HCA4	SGD	 	3	5	1000	0	0.0	inviable	YJL033W	YJL033W	HCA4	Helicase CA	YJL033W	S000003570	S000003570	P20448
	MPS3	SGD	G1	1	5	0.1	0	0.0	inviable	YJL019W	YJL019W	MPS3	MonoPolar Spindle	YJL019W	S000003556	S000003556	P47069
	MAD3	SGD	 	1	5	0.1	0	0.0	viable	YJL013C	YJL013C	MAD3	Mitotic Arrest-Deficient	YJL013C	S000003550	S000003550	P47074
	DAL81	SGD	 	2	19	25	140193	3.7	viable	YIR023W	YIR023W	DAL81	Degradation of Allantoin	YIR023W	S000001462	S000001462	P21657
	YIR014W	SGD	 	0	2	0.1	0	0.0	viable	YIR014W	YIR014W	VLD1	Vacuole Localized Dsc protein	YIR014W	S000001453	S000001453	P40570
	DSN1	SGD	S/G2	1	6	50	0	0.0	inviable	YIR010W	YIR010W	DSN1	Dosage Suppressor of NNF1	YIR010W	S000001449	S000001449	P40568
	MPH1	SGD	 	1	3	0.1	0	0.0	viable	YIR002C	YIR002C	MPH1	Mutator PHenotype	YIR002C	S000001441	S000001441	P40562
	VTH1	SGD	 	2	6	10	398	1.6	viable	YIL173W	YIL173W	VTH1	Vps Ten Homolog	YIL173W	S000001435	S000001435	P40438
	YIL169C	SGD	 	0	7	0.1	0	0.0		YIL169C	YIL169C	CSS1	Condition Specific Secretion	YIL169C	S000001431	S000001431	P40442
	SUC2	SGD	G2/M	1	3	200	2591	1.1	viable	YIL162W	YIL162W	SUC2	SUCrose	YIL162W	S000001424	S000001424	P00724
	BNR1	SGD	 	2	8	200	4268	1.3	viable	YIL159W	YIL159W	BNR1	BNi1 Related	YIL159W	S000001421	S000001421	P40450
	RRD1	SGD	 	2	4	3000	24311	0.9	viable	YIL153W	YIL153W	RRD1	Resistant to Rapamycin Deletion	YIL153W	S000001415	S000001415	P40454
	SSL2	SGD	 	0	5	0.1	0	0.0	inviable	YIL143C	YIL143C	SSL2	Suppressor of Stem-Loop mutation	YIL143C	S000001405	S000001405	Q00578
	AXL2	SGD	G1	1	9	3	600	2.3	viable	YIL140W	YIL140W	AXL2	AXiaL 2 bud site selection	YIL140W	S000001402	S000001402	P38928
	CSM2	SGD	G1	2	2	250	4966	1.3	viable	YIL132C	YIL132C	CSM2	Chromosome Segregation in Meiosis	YIL132C	S000001394	S000001394	P40465
	POG1	SGD	G2/M	1	5	0.1	183	3.3		YIL122W	YIL122W	POG1	Promoter Of Growth	YIL122W	S000001384	S000001384	P40473
	PRM5	SGD	S	1	8	75	1406	1.3	viable	YIL117C	YIL117C	PRM5	Pheromone-Regulated Membrane protein	YIL117C	S000001379	S000001379	P40476
	HOS4	SGD	 	3	11	50	140045	3.4	viable	YIL112W	YIL112W	HOS4	Hda One Similar	YIL112W	S000001374	S000001374	P40480
	MOB1	SGD	G2/M	2	7	50	305565	3.8	inviable	YIL106W	YIL106W	MOB1	Mps One Binder	YIL106W	S000001368	S000001368	P40484
	XBP1	SGD	 	3	10	300	53787	2.3	viable	YIL101C	YIL101C	XBP1	XhoI site-Binding Protein	YIL101C	S000001363	S000001363	P40489
	PRK1	SGD	 	3	12	200	11297	1.8	viable	YIL095W	YIL095W	PRK1	p53 Regulatory Kinase	YIL095W	S000001357	S000001357	P40494
	YIL056W	SGD	G2/M	1	6	100	3223	1.5		YIL056W	YIL056W	VHR1	VHt1 Regulator	YIL056W	S000001318	S000001318	P40522
	RPL34B	SGD	 	0	1	750	0	0.0	viable	YIL052C	YIL052C	RPL34B	Ribosomal Protein of the Large subunit	YIL052C	S000001314	S000001314	P40525
	PCL7	SGD	S/G2	1	5	10	9225	3.0	viable	YIL050W	YIL050W	PCL7	Pho85 CycLin	YIL050W	S000001312	S000001312	P40186
	DFG10	SGD	 	0	0	0.1	0	0.0	viable	YIL049W	YIL049W	DFG10	Defective for Filamentous Growth	YIL049W	S000001311	S000001311	P40526
	PIG2	SGD	 	0	3	0.1	0	0.0	viable	YIL045W	YIL045W	PIG2	Protein Interacting with Gsy2p	YIL045W	S000001307	S000001307	P40187
	CKA1	SGD	 	0	1	2500	0	0.0	viable	YIL035C	YIL035C	CKA1	Casein Kinase Alpha subunit	YIL035C	S000001297	S000001297	P15790
	BCY1	SGD	 	0	4	10000	35419	0.5	viable	YIL033C	YIL033C	BCY1	Bypass of CYclic-AMP requirement	YIL033C	S000001295	S000001295	P07278
	ULP2	SGD	 	3	16	100	15145	2.2	inviable	YIL031W	YIL031W	ULP2	UbL-specific Protease	YIL031W	S000001293	S000001293	P40537
	YIL019W	SGD	 	0	0	100	0	0.0	inviable	YIL019W	YIL019W	FAF1	Forty (40) S Assembly Factor 	YIL019W	S000001281	S000001281	P40546
	FAA3	SGD	M/G1	1	4	500	0	0.0	viable	YIL009W	YIL009W	FAA3	Fatty Acid Activation	YIL009W	S000001271	S000001271	P39002
	INP51	SGD	 	1	6	300	999	0.5	viable	YIL002C	YIL002C	INP51	INositol polyphosphate 5-Phosphatase	YIL002C	S000001264	S000001264	P40559
	YHR219W	SGD	M/G1	1	1	0.1	0	0.0		YHR219W	YHR219W			YHR219W	S000001262	S000001262	P38900
	BAT1	SGD	S/G2	1	5	50	652	1.1	viable	YHR208W	YHR208W	BAT1	Branched-chain Amino acid Transaminase	YHR208W	S000001251	S000001251	P38891
	MDM31	SGD	 	0	3	0.1	0	0.0	viable	YHR194W	YHR194W	MDM31	Mitochondrial Distribution and Morphology	YHR194W	S000001237	S000001237	P38880
	DBP8	SGD	 	2	2	100	0	0.0	inviable	YHR169W	YHR169W	DBP8	Dead Box Protein	YHR169W	S000001212	S000001212	P38719
	THP2	SGD	 	0	0	300	0	0.0	viable	YHR167W	YHR167W	THP2	THO2 - HPR1 Phenotype	YHR167W	S000001210	S000001210	O13539
	DNA2	SGD	 	3	8	0.1	15346	5.2	inviable	YHR164C	YHR164C	DNA2	DNA synthesis defective	YHR164C	S000001207	S000001207	P38859
	YHR159W	SGD	G1	3	9	150	375616	3.4	viable	YHR159W	YHR159W	TDA11	Topoisomerase I Damage Affected	YHR159W	S000001202	S000001202	P38854
	KEL1	SGD	 	2	20	100	13184	2.1	viable	YHR158C	YHR158C	KEL1	KELch repeat	YHR158C	S000001201	S000001201	P38853
	SPO12	SGD	G2/M	0	2	25	0	0.0	viable	YHR152W	YHR152W	SPO12	SPOrulation	YHR152W	S000001195	S000001195	P17123
	YHR149C	SGD	G1	1	10	0.1	3626	4.6		YHR149C	YHR149C	SKG6	Suppressor of lethality of Kex2 Gas1 double null mutant	YHR149C	S000001192	S000001192	P32900
	YCK1	SGD	S/G2	1	3	0.1	0	0.0	viable	YHR135C	YHR135C	YCK1	Yeast Casein Kinase I homolog	YHR135C	S000001177	S000001177	P23291
	ORC6	SGD	 	4	6	50	588875	4.1	inviable	YHR118C	YHR118C	ORC6	Origin Recognition Complex	YHR118C	S000001160	S000001160	P38826
	TRR2	SGD	G1	1	2	100	0	0.0	viable	YHR106W	YHR106W	TRR2	ThioRedoxin Reductase	YHR106W	S000001148	S000001148	P38816
	YPT35	SGD	 	0	0	500	1082	0.3	viable	YHR105W	YHR105W	YPT35		YHR105W	S000001147	S000001147	P38815
	KIC1	SGD	 	3	13	200	1197	0.8		YHR102W	YHR102W	KIC1	Kinase that Interacts with Cdc31p	YHR102W	S000001144	S000001144	P38692
	SFB3	SGD	S	1	7	0.1	6945	4.8		YHR098C	YHR098C	SFB3	Sed Five Binding	YHR098C	S000001140	S000001140	P38810
	HXT5	SGD	 	0	4	25	0	0.0	viable	YHR096C	YHR096C	HXT5	HeXose Transporter	YHR096C	S000001138	S000001138	P38695
	HXT1	SGD	M/G1	1	6	250	939	0.6	viable	YHR094C	YHR094C	HXT1	HeXose Transporter	YHR094C	S000001136	S000001136	P32465
	YHR080C	SGD	 	2	20	10	380	1.6	viable	YHR080C	YHR080C	LAM4	Lipid transfer protein Anchored at Membrane contact sites	YHR080C	S000001122	S000001122	P38800
	YHR078W	SGD	 	0	2	0.1	0	0.0	viable	YHR078W	YHR078W			YHR078W	S000001120	S000001120	P38799
	GIC1	SGD	S	0	7	150	11526	1.9	viable	YHR061C	YHR061C	GIC1	GTPase Interactive Component	YHR061C	S000001103	S000001103	P38785
	CPR2	SGD	 	0	1	300	419	0.1	viable	YHR057C	YHR057C	CPR2	Cyclosporin A-sensitive Proline Rotamase	YHR057C	S000001099	S000001099	P23285
	YHR036W	SGD	 	2	10	0.1	0	0.0	inviable	YHR036W	YHR036W	BRL1	BRr6 Like protein	YHR036W	S000001078	S000001078	P38770
	RPN1	SGD	 	2	5	1000	75026	1.9	inviable	YHR027C	YHR027C	RPN1	Regulatory Particle Non-ATPase	YHR027C	S000001069	S000001069	P38764
	MIP6	SGD	 	2	3	50	0	0.0	viable	YHR015W	YHR015W	MIP6	Mex67-Interacting Protein	YHR015W	S000001057	S000001057	P38760
	YHL050C	SGD	G1	1	2	50	5064	2.0		YHL050C	YHL050C			YHL050C	S000001042	S000001042	P38721
	YHL042W	SGD	 	0	1	0.1	0	0.0	viable	YHL042W	YHL042W			YHL042W	S000001034	S000001034	P38729
	ARN1	SGD	G2/M	1	4	0.1	0	0.0	viable	YHL040C	YHL040C	ARN1	AFT1 ReguloN	YHL040C	S000001032	S000001032	P38731
	YHL039W	SGD	 	0	2	1000	809	-0.1	viable	YHL039W	YHL039W	EFM1	Elongation Factor Methyltransferase	YHL039W	S000001031	S000001031	P38732
	VMR1	SGD	 	3	10	0.1	39760	5.6	viable	YHL035C	YHL035C	VMR1	Vacuolar Multidrug Resistance	YHL035C	S000001027	S000001027	P38735
	WSC4	SGD	G2/M	1	20	0.1	0	0.0	viable	YHL028W	YHL028W	WSC4	cell Wall integrity and Stress response Component	YHL028W	S000001020	S000001020	P38739
	YHL026C	SGD	G2/M	1	2	25	0	0.0	viable	YHL026C	YHL026C			YHL026C	S000001018	S000001018	P38740
	RMD11	SGD	 	2	11	20	0	0.0	viable	YHL023C	YHL023C	NPR3	Nitrogen Permease Regulator	YHL023C	S000001015	S000001015	P38742
	SPO11	SGD	 	3	6	75	15509	2.3	viable	YHL022C	YHL022C	SPO11	SPOrulation	YHL022C	S000001014	S000001014	P23179
	STE20	SGD	 	5	23	250	0	0.0	viable	YHL007C	YHL007C	STE20	STErile	YHL007C	S000000999	S000000999	Q03497
	YRF1-3	SGD	G1	2	5	0.1	3962	4.6		YGR296W	YGR296W	YRF1-3		YGR296W	S000003528	S000003528	P0CX14
	ERV29	SGD	G2/M	0	0	0.1	0	0.0	viable	YGR284C	YGR284C	ERV29	ER Vesicle	YGR284C	S000003516	S000003516	P53337
	RTT102	SGD	 	0	0	250	0	0.0	viable	YGR275W	YGR275W	RTT102	Regulator of Ty1 Transposition	YGR275W	S000003507	S000003507	P53330
	SLH1	SGD	 	3	10	0.1	0	0.0	viable	YGR271W	YGR271W	SLH1	SKI2-Like Helicase	YGR271W	S000003503	S000003503	P53327
	YTA7	SGD	 	3	12	0.1	1540	4.2	viable	YGR270W	YGR270W	YTA7	Yeast Tat-binding Analog	YGR270W	S000003502	S000003502	P40340
	APL6	SGD	 	0	3	0.1	0	0.0	viable	YGR261C	YGR261C	APL6	clathrin Adaptor Protein complex Large chain	YGR261C	S000003493	S000003493	P46682
	GND2	SGD	 	0	1	5000	1561	-0.5	viable	YGR256W	YGR256W	GND2	6-phosphoGlucoNateDehydrogenase	YGR256W	S000003488	S000003488	P53319
	SOL4	SGD	 	0	1	5000	343	-1.2	viable	YGR248W	YGR248W	SOL4	Suppressor Of Los1-1	YGR248W	S000003480	S000003480	P53315
	PFK1	SGD	G2/M	1	6	250	0	0.0	viable	YGR240C	YGR240C	PFK1	PhosphoFructoKinase	YGR240C	S000003472	S000003472	P16861
	KEL2	SGD	G1	1	10	0.1	10842	5.0	viable	YGR238C	YGR238C	KEL2	KELch repeat	YGR238C	S000003470	S000003470	P50090
	AMA1	SGD	 	2	8	400	0	0.0	viable	YGR225W	YGR225W	AMA1	Activator of Meiotic APC/C	YGR225W	S000003457	S000003457	P50082
	TOS2	SGD	G1	1	5	0.1	2002	4.3	viable	YGR221C	YGR221C	TOS2	Target Of Sbf	YGR221C	S000003453	S000003453	P50078
	BUB1	SGD	G1	3	8	0.1	0	0.0	viable	YGR188C	YGR188C	BUB1	Budding Uninhibited by Benzimidazole	YGR188C	S000003420	S000003420	P41695
	TFG1	SGD	 	3	9	200	112721	2.8	inviable	YGR186W	YGR186W	TFG1	Transcription Factor G	YGR186W	S000003418	S000003418	P41895
	GIR1	SGD	 	2	2	0.1	0	0.0	viable	YGR173W	YGR173W	RBG2	RiBosome interacting Gtpase	YGR173W	S000003405	S000003405	P53295
	YGR160W	SGD	 	0	1	25	0	0.0	viable	YGR160W	YGR160W			YGR160W	S000003392	S000003392	P53288
	YGR151C	SGD	G1	0	0	0.1	0	0.0	viable	YGR151C	YGR151C			YGR151C	S000003383	S000003383	P53287
	YGR146C	SGD	G2/M	1	4	500	0	0.0	viable	YGR146C	YGR146C	ECL1	Extends Chronological Lifespan	YGR146C	S000003378	S000003378	P48235
	SKN1	SGD	G2/M	1	8	0.1	0	0.0	viable	YGR143W	YGR143W	SKN1	Suppressor of Kre Null	YGR143W	S000003375	S000003375	P33336
	NOP7	SGD	 	0	2	0.1	0	0.0	inviable	YGR103W	YGR103W	NOP7	NucleOlar Protein	YGR103W	S000003335	S000003335	P53261
	DBF2	SGD	G2/M	2	7	50	80255	3.2	viable	YGR092W	YGR092W	DBF2	DumbBell Former	YGR092W	S000003324	S000003324	P22204
	YGR068C	SGD	 	2	8	25	524	1.3	viable	YGR068C	YGR068C	ART5	Arrestin-Related Trafficking adaptors	YGR068C	S000003300	S000003300	P53244
	YGR042W	SGD	G1	1	2	750	4375	0.8	viable	YGR042W	YGR042W	MTE1	Mph1-associated TElomere maintenance protein	YGR042W	S000003274	S000003274	P53227
	YGR035C	SGD	G2/M	2	2	500	66000	2.1	viable	YGR035C	YGR035C			YGR035C	S000003267	S000003267	P53222
	YGR031W	SGD	 	0	1	350	0	0.0	viable	YGR031W	YGR031W	IMO32	Intermediate cleaved by Mitochondrial Octapeptidyl aminopeptidase	YGR031W	S000003263	S000003263	P53219
	YGR026W	SGD	 	0	3	0.1	0	0.0	viable	YGR026W	YGR026W			YGR026W	S000003258	S000003258	P53217
	MSB2	SGD	G1	2	19	50	11785	2.4	viable	YGR014W	YGR014W	MSB2	Multicopy Suppression of a Budding defect	YGR014W	S000003246	S000003246	P32334
	MTO1	SGD	 	2	5	25	0	0.0	viable	YGL236C	YGL236C	MTO1	Mitochondrial Translation Optimization	YGL236C	S000003205	S000003205	P53070
	YGL235W	SGD	 	2	3	50	6758	2.1	viable	YGL235W	YGL235W			YGL235W	S000003204	S000003204	P53071
	COG1	SGD	 	2	5	0.1	0	0.0	viable	YGL223C	YGL223C	COG1	Conserved Oligomeric Golgi complex	YGL223C	S000003191	S000003191	P53079
	MDM34	SGD	 	1	8	0.1	0	0.0	viable	YGL219C	YGL219C	MDM34	Mitochondrial Distribution and Morphology	YGL219C	S000003187	S000003187	P53083
	KIP3	SGD	S/G2	1	10	50	7592	2.2	viable	YGL216W	YGL216W	KIP3	KInesin related Protein	YGL216W	S000003184	S000003184	P53086
	VAM7	SGD	S/G2	1	2	100	509	0.7	viable	YGL212W	YGL212W	VAM7	VAcuolar Morphogenesis	YGL212W	S000003180	S000003180	P32912
	SPT16	SGD	G1	1	7	500	2895	0.8	inviable	YGL207W	YGL207W	SPT16	SuPpressor of Ty	YGL207W	S000003175	S000003175	P32558
	ARO8	SGD	 	2	5	5000	12455	0.4	viable	YGL202W	YGL202W	ARO8	AROmatic amino acid requiring	YGL202W	S000003170	S000003170	P53090
	MDS3	SGD	 	4	21	0.1	0	0.0	viable	YGL197W	YGL197W	MDS3	Mck1 Dosage Suppressor	YGL197W	S000003165	S000003165	P53094
	GCN1	SGD	G1	1	12	0.1	0	0.0	viable	YGL195W	YGL195W	GCN1	General Control Nonderepressible	YGL195W	S000003163	S000003163	P33892
	YGL176C	SGD	 	2	4	0.1	0	0.0	viable	YGL176C	YGL176C			YGL176C	S000003144	S000003144	P46945
	ROK1	SGD	 	3	4	200	1633	0.9	inviable	YGL171W	YGL171W	ROK1	Rescuer Of Kem1	YGL171W	S000003139	S000003139	P45818
	SPO74	SGD	 	2	5	100	0	0.0	viable	YGL170C	YGL170C	SPO74	SPOrulation	YGL170C	S000003138	S000003138	P45819
	YGL160W	SGD	 	3	6	0.1	0	0.0	viable	YGL160W	YGL160W	AIM14	Altered Inheritance rate of Mitochondria	YGL160W	S000003128	S000003128	P53109
	NUT1	SGD	 	1	11	100	0	0.0	viable	YGL151W	YGL151W	NUT1	Negative regulation of URS Two	YGL151W	S000003119	S000003119	P53114
	ROG1	SGD	 	1	7	0.1	0	0.0	viable	YGL144C	YGL144C	ROG1	Revertant Of Glycogen synthase kinase mutation	YGL144C	S000003112	S000003112	P53118
	MET13	SGD	S	0	4	400	81	-0.7	viable	YGL125W	YGL125W	MET13	METhionine requiring	YGL125W	S000003093	S000003093	P53128
	MON1	SGD	 	0	3	0.1	7262	4.9	viable	YGL124C	YGL124C	MON1	MONensin sensitivity	YGL124C	S000003092	S000003092	P53129
	PRP43	SGD	 	0	5	10	0	0.0	inviable	YGL120C	YGL120C	PRP43	Pre-mRNA Processing	YGL120C	S000003088	S000003088	P53131
	CDC20	SGD	G2/M	1	4	2.5	6138	3.4	inviable	YGL116W	YGL116W	CDC20	Cell Division Cycle	YGL116W	S000003084	S000003084	P26309
	SRM1	SGD	 	2	2	50	5441	2.0	inviable	YGL097W	YGL097W	SRM1	Suppressor of Receptor Mutations	YGL097W	S000003065	S000003065	P21827
	SPC105	SGD	G1	3	6	0.1	0	0.0	inviable	YGL093W	YGL093W	SPC105	Spindle Pole Component	YGL093W	S000003061	S000003061	P53148
	NBP35	SGD	 	0	4	0.1	0	0.0	inviable	YGL091C	YGL091C	NBP35	Nucleotide Binding Protein	YGL091C	S000003059	S000003059	P52920
	LIF1	SGD	M/G1	1	1	1000	925	0.0	viable	YGL090W	YGL090W	LIF1	Ligase Interacting Factor	YGL090W	S000003058	S000003058	P53150
	DBP3	SGD	 	2	3	300	0	0.0	viable	YGL078C	YGL078C	DBP3	Dead Box Protein	YGL078C	S000003046	S000003046	P20447
	MPS2	SGD	 	3	5	400	398207	3.0	inviable	YGL075C	YGL075C	MPS2	MonoPolar Spindle	YGL075C	S000003043	S000003043	P53159
	RPB9	SGD	 	0	1	75	0	0.0	viable	YGL070C	YGL070C	RPB9	RNA Polymerase B	YGL070C	S000003038	S000003038	P27999
	MRH4	SGD	 	3	9	0.1	0	0.0	viable	YGL064C	YGL064C	MRH4	Mitochondrial RNA Helicase	YGL064C	S000003032	S000003032	P53166
	OCH1	SGD	G1	1	3	50	0	0.0	viable	YGL038C	YGL038C	OCH1	Outer CHain elongation	YGL038C	S000003006	S000003006	P31755
	CWH41	SGD	G1	0	4	10	0	0.0	viable	YGL027C	YGL027C	CWH41	Calcofluor White Hypersensitive	YGL027C	S000002995	S000002995	P53008
	ALK1	SGD	G2/M	1	5	0.1	0	0.0	viable	YGL021W	YGL021W	ALK1		YGL021W	S000002989	S000002989	P43633
	LEU1	SGD	 	3	8	2000	5936	0.5	viable	YGL009C	YGL009C	LEU1	LEUcine biosynthesis	YGL009C	S000002977	S000002977	P07264
	CDH1	SGD	 	6	11	25	304756	4.1	viable	YGL003C	YGL003C	CDH1	CDC20 Homolog	YGL003C	S000002971	S000002971	P53197
	ERP6	SGD	 	0	1	500	1702	0.5	viable	YGL002W	YGL002W	ERP6	Emp24p/Erv25p Related Protein	YGL002W	S000002970	S000002970	P53198
	CNN1	SGD	 	3	5	100	393763	3.6	viable	YFR046C	YFR046C	CNN1	Co-purified with NNf1p	YFR046C	S000001942	S000001942	P43618
	ECO1	SGD	G1	1	4	30	127694	3.6	inviable	YFR027W	YFR027W	ECO1	Establishment of COhesion	YFR027W	S000001923	S000001923	P43605
	YFR022W	SGD	 	2	12	100	1961	1.3	viable	YFR022W	YFR022W	ROG3	Revertant Of Glycogen synthase kinase mutation	YFR022W	S000001918	S000001918	P43602
	AUT10	SGD	 	2	5	75	199	0.4	viable	YFR021W	YFR021W	ATG18	AuTophaGy related	YFR021W	S000001917	S000001917	P43601
	IOC3	SGD	 	0	4	100	0	0.0	viable	YFR013W	YFR013W	IOC3	Iswi One Complex	YFR013W	S000001909	S000001909	P43596
	SNZ3	SGD	 	0	3	5000	633	-0.9		YFL059W	YFL059W	SNZ3	SNooZe	YFL059W	S000001835	S000001835	P43545
	YFL042C	SGD	 	1	9	5	142	1.5	viable	YFL042C	YFL042C	LAM5	Lipid transfer protein Anchored at Membrane contact site	YFL042C	S000001852	S000001852	P43560
	RIM15	SGD	 	3	38	0.1	0	0.0	viable	YFL033C	YFL033C	RIM15	Regulator of IME2	YFL033C	S000001861	S000001861	P43565
	BLM3	SGD	 	2	6	5	78	1.2	viable	YFL007W	YFL007W	BLM10	BLeoMycin resistance	YFL007W	S000001887	S000001887	P43583
	YRF1-2	SGD	G1	2	4	400	0	0.0		YER190W	YER190W	YRF1-2		YER190W	S000000992	S000000992	P40105
	DMC1	SGD	 	0	1	250	0	0.0	viable	YER179W	YER179W	DMC1	Disrupted Meiotic cDNA	YER179W	S000000981	S000000981	P25453
	BRR2	SGD	 	2	11	0.1	0	0.0	inviable	YER172C	YER172C	BRR2	Bad Response to Refrigeration	YER172C	S000000974	S000000974	P32639
	BCK2	SGD	 	4	19	10	38599	3.6	viable	YER167W	YER167W	BCK2	Bypass of C Kinase	YER167W	S000000969	S000000969	P33306
	PAB1	SGD	 	1	3	250	0	0.0	inviable	YER165W	YER165W	PAB1	Poly(A) Binding protein	YER165W	S000000967	S000000967	P04147
	CHD1	SGD	 	3	13	0.1	0	0.0	viable	YER164W	YER164W	CHD1	Chromatin organization modifier, Helicase, and DNA-binding domains	YER164W	S000000966	S000000966	P32657
	SPT2	SGD	 	0	2	100	0	0.0	viable	YER161C	YER161C	SPT2	SuPpressor of Ty's	YER161C	S000000963	S000000963	P06843
	YER158C	SGD	 	2	11	0.1	711	3.9	viable	YER158C	YER158C			YER158C	S000000960	S000000960	P40095
	UBP5	SGD	 	2	13	50	890	1.3	viable	YER144C	YER144C	UBP5	UBiquitin-specific Protease	YER144C	S000000946	S000000946	P39944
	PAK1	SGD	 	5	11	0.1	231358	6.4	viable	YER129W	YER129W	SAK1	Snf1 Activating Kinase	YER129W	S000000931	S000000931	P38990
	SHO1	SGD	G1	1	4	5	127	1.4	viable	YER118C	YER118C	SHO1	Synthetic, High Osmolarity-sensitive	YER118C	S000000920	S000000920	P40073
	BOI2	SGD	 	3	20	0.1	0	0.0	viable	YER114C	YER114C	BOI2	Bem1 (One) Interacting protein	YER114C	S000000916	S000000916	P39969
	YER113C	SGD	 	0	3	15	0	0.0	viable	YER113C	YER113C	TMN3	TransMembrane Nine	YER113C	S000000915	S000000915	P40071
	SWI4	SGD	M/G1	2	18	30	2252	1.9	viable	YER111C	YER111C	SWI4	SWItching deficient	YER111C	S000000913	S000000913	P25302
	YEN1	SGD	 	8	10	50	20649	2.6	viable	YER041W	YER041W	YEN1		YER041W	S000000843	S000000843	P40028
	ZRG8	SGD	 	6	26	0.1	0	0.0	viable	YER033C	YER033C	ZRG8	Zinc Regulated Gene	YER033C	S000000835	S000000835	P40021
	FIR1	SGD	S/G2	6	22	10	69582	3.8	viable	YER032W	YER032W	FIR1	Factor Interacting with REF2	YER032W	S000000834	S000000834	P40020
	SEC3	SGD	 	2	6	0.1	3285	4.5	inviable	YER008C	YER008C	SEC3	SECretory	YER008C	S000000810	S000000810	P33332
	YEL076C	SGD	G1	1	2	0.1	0	0.0		YEL076C	YEL076C			YEL076C	S000000802	S000000802	P39971
	SIT1	SGD	G2/M	1	4	15	3916	2.4	viable	YEL065W	YEL065W	SIT1	Siderophore Iron Transport	YEL065W	S000000791	S000000791	P39980
	CIN8	SGD	S	2	5	0.1	0	0.0	viable	YEL061C	YEL061C	CIN8	Chromosome INstability	YEL061C	S000000787	S000000787	P27895
	MAK10	SGD	 	2	3	0.1	0	0.0	viable	YEL053C	YEL053C	MAK10	MAintenance of Killer	YEL053C	S000000779	S000000779	Q02197
	UTR2	SGD	M/G1	1	1	10	0	0.0	viable	YEL040W	YEL040W	UTR2	Unidentified TRanscript	YEL040W	S000000766	S000000766	P32623
	UTR5	SGD	 	2	2	250	0	0.0	inviable	YEL035C	YEL035C	UTR5	Unidentified TRanscript	YEL035C	S000000761	S000000761	P32630
	MCM3	SGD	M/G1	5	11	300	372637	3.1	inviable	YEL032W	YEL032W	MCM3	MiniChromosome Maintenance	YEL032W	S000000758	S000000758	P24279
	SRI1	SGD	G2/M	1	1	0.1	0	0.0	viable	YEL025C	YEL025C			YEL025C	S000000751	S000000751	P39991
	HLR1	SGD	G1	3	9	2500	0	0.0	viable	YDR528W	YDR528W	HLR1	Homolog of LRe1	YDR528W	S000002936	S000002936	Q04429
	AGE1	SGD	 	0	4	100	0	0.0	viable	YDR524C	YDR524C	AGE1	Arf Gap with Effector function(s)	YDR524C	S000002932	S000002932	Q04412
	EMI2	SGD	 	0	3	2000	1003	-0.3	viable	YDR516C	YDR516C	EMI2	Early Meiotic Induction	YDR516C	S000002924	S000002924	Q04409
	GIN4	SGD	G1	2	11	0.1	781	3.9	viable	YDR507C	YDR507C	GIN4	Growth Inhibitory	YDR507C	S000002915	S000002915	Q12263
	PLM2	SGD	G1	4	14	200	1686355	3.9	viable	YDR501W	YDR501W	PLM2	PLasmid Maintenance	YDR501W	S000002909	S000002909	Q04383
	YDR466W	SGD	 	3	12	0.1	0	0.0	viable	YDR466W	YDR466W	PKH3	Pkb-activating Kinase Homolog	YDR466W	S000002874	S000002874	Q03306
	SPP41	SGD	 	2	12	400	12823	1.5	inviable	YDR464W	YDR464W	SPP41	Suppressor of PrP4	YDR464W	S000002872	S000002872	P38904
	GUK1	SGD	 	0	1	10000	4795	-0.3	inviable	YDR454C	YDR454C	GUK1	GUanylate Kinase	YDR454C	S000002862	S000002862	P15454
	YHP1	SGD	S	2	13	100	0	0.0	viable	YDR451C	YDR451C	YHP1	Yeast Homeo-Protein	YDR451C	S000002859	S000002859	Q04116
	SSN2	SGD	 	4	19	0.1	0	0.0	viable	YDR443C	YDR443C	SSN2	Suppressor of SNf1	YDR443C	S000002851	S000002851	P38931
	DOT1	SGD	G1	1	9	10	549	1.7	viable	YDR440W	YDR440W	DOT1	Disruptor Of Telomeric silencing	YDR440W	S000002848	S000002848	Q04089
	LRS4	SGD	 	2	6	25	4889	2.3	viable	YDR439W	YDR439W	LRS4	Loss of RDNA Silencing	YDR439W	S000002847	S000002847	Q04087
	NPL3	SGD	G2/M	1	3	500	0	0.0	viable	YDR432W	YDR432W	NPL3	Nuclear Protein Localization	YDR432W	S000002840	S000002840	Q01560
	RAD30	SGD	 	2	3	250	1009	0.6	viable	YDR419W	YDR419W	RAD30	RADiation sensitive	YDR419W	S000002827	S000002827	Q04049
	ERD1	SGD	 	0	1	0.1	0	0.0	viable	YDR414C	YDR414C	ERD1	Endoplasmic reticulum Retention Defective	YDR414C	S000002822	S000002822	P16151
	TRS120	SGD	 	2	14	25	0	0.0	inviable	YDR407C	YDR407C	TRS120	TRapp Subunit	YDR407C	S000002815	S000002815	Q04183
	UBA2	SGD	 	2	4	400	2059	0.7	inviable	YDR390C	YDR390C	UBA2	UBiquitin Activating	YDR390C	S000002798	S000002798	P52488
	SAC7	SGD	 	2	9	50	6843	2.1	viable	YDR389W	YDR389W	SAC7	Suppressor of ACtin	YDR389W	S000002797	S000002797	P17121
	RGA2	SGD	 	5	18	100	19054	2.3	viable	YDR379W	YDR379W	RGA2	Rho GTPase Activating Protein	YDR379W	S000002787	S000002787	Q06407
	CTS2	SGD	 	1	2	0.1	0	0.0	viable	YDR371W	YDR371W	CTS2	ChiTinaSe	YDR371W	S000002779	S000002779	Q06350
	XRS2	SGD	 	2	8	2.5	0	0.0	viable	YDR369C	YDR369C	XRS2	X-Ray Sensitive	YDR369C	S000002777	S000002777	P33301
	SPC110	SGD	G1	1	3	10	918	2.0	inviable	YDR356W	YDR356W	SPC110	Spindle Pole Component	YDR356W	S000002764	S000002764	P32380
	YDR355C	SGD	S	0	1	0.1	0	0.0	inviable	YDR355C	YDR355C			YDR355C	S000002763	S000002763	P87285
	SBE2	SGD	 	2	7	0.1	0	0.0	viable	YDR351W	YDR351W	SBE2	Suppressor of BEm4	YDR351W	S000002759	S000002759	P42223
	YDR348C	SGD	 	3	5	100	292718	3.5	viable	YDR348C	YDR348C	PAL1	Pears And Lemons	YDR348C	S000002756	S000002756	Q05518
	SSF2	SGD	 	2	4	400	16251	1.6	viable	YDR312W	YDR312W	SSF2	Suppressor of ste4 (Four)	YDR312W	S000002720	S000002720	Q12153
	SUR2	SGD	G1	0	0	100	0	0.0	viable	YDR297W	YDR297W	SUR2	SUppressor of Rvs161 and rvs167 mutations	YDR297W	S000002705	S000002705	P38992
	SSD1	SGD	 	2	11	400	482	0.1	viable	YDR293C	YDR293C	SSD1	Suppressor of SIT4 Deletion	YDR293C	S000002701	S000002701	P24276
	ZIP1	SGD	 	3	4	400	576188	3.2	viable	YDR285W	YDR285W	ZIP1	molecular ZIPper	YDR285W	S000002693	S000002693	P31111
	COX20	SGD	 	2	2	50	0	0.0	viable	YDR231C	YDR231C	COX20	Cytochrome c OXidase	YDR231C	S000002639	S000002639	Q04935
	SIR4	SGD	 	5	16	0.1	6146	4.8	viable	YDR227W	YDR227W	SIR4	Silent Information Regulator	YDR227W	S000002635	S000002635	P11978
	YDR223W	SGD	 	2	6	5	5384	3.0	viable	YDR223W	YDR223W	CRF1	Co-Repressor with FHL1	YDR223W	S000002631	S000002631	Q04930
	RAD9	SGD	 	9	20	0.1	604	3.8	viable	YDR217C	YDR217C	RAD9	RADiation sensitive	YDR217C	S000002625	S000002625	P14737
	ADR1	SGD	 	2	14	0.1	0	0.0	viable	YDR216W	YDR216W	ADR1	Alcohol Dehydrogenase II synthesis Regulator	YDR216W	S000002624	S000002624	P07248
	GCD6	SGD	 	2	3	150	2292	1.2	inviable	YDR211W	YDR211W	GCD6	General Control Derepressed	YDR211W	S000002619	S000002619	P32501
	VPS64	SGD	 	2	9	100	4302	1.6	viable	YDR200C	YDR200C	VPS64	Vacuolar Protein Sorting	YDR200C	S000002608	S000002608	Q03944
	CDC1	SGD	 	0	0	0.1	0	0.0	inviable	YDR182W	YDR182W	CDC1	Cell Division Cycle	YDR182W	S000002590	S000002590	P40986
	CSN9	SGD	 	0	0	50	0	0.0	viable	YDR179C	YDR179C	CSN9	Cop9 SigNalosome subunit	YDR179C	S000002586	S000002586	Q03981
	NGG1	SGD	 	2	4	50	718	1.2	viable	YDR176W	YDR176W	NGG1		YDR176W	S000002583	S000002583	P32494
	STB3	SGD	 	1	12	400	2052	0.7	viable	YDR169C	YDR169C	STB3	Sin Three Binding protein	YDR169C	S000002576	S000002576	Q12427
	SEC1	SGD	 	2	5	100	0	0.0	inviable	YDR164C	YDR164C	SEC1	SECretory	YDR164C	S000002571	S000002571	P30619
	NBP2	SGD	 	0	1	100	1455	1.2	viable	YDR162C	YDR162C	NBP2	Nap1 Binding Protein	YDR162C	S000002569	S000002569	Q12163
	SAC3	SGD	 	3	16	0.1	0	0.0	viable	YDR159W	YDR159W	SAC3	Suppressor of ACtin	YDR159W	S000002566	S000002566	P46674
	NUM1	SGD	S/G2	2	8	0.1	0	0.0	viable	YDR150W	YDR150W	NUM1	NUclear Migration	YDR150W	S000002557	S000002557	Q00402
	SWI5	SGD	G2/M	8	20	0.1	5206	4.7	viable	YDR146C	YDR146C	SWI5	SWItching deficient	YDR146C	S000002553	S000002553	P08153
	SAN1	SGD	 	2	7	0.1	0	0.0	viable	YDR143C	YDR143C	SAN1	Sir Antagonist	YDR143C	S000002550	S000002550	P22470
	YDR131C	SGD	 	2	4	100	0	0.0	viable	YDR131C	YDR131C			YDR131C	S000002538	S000002538	Q03899
	FIN1	SGD	S/G2	5	6	200	945921	3.7	viable	YDR130C	YDR130C	FIN1	Filaments In between Nuclei	YDR130C	S000002537	S000002537	Q03898
	YDR128W	SGD	 	2	11	0.1	0	0.0	viable	YDR128W	YDR128W	MTC5	Maintenance of Telomere Capping	YDR128W	S000002535	S000002535	Q03897
	INO2	SGD	 	2	4	0.1	560	3.7	viable	YDR123C	YDR123C	INO2	INOsitol requiring	YDR123C	S000002530	S000002530	P26798
	PDS1	SGD	G1	3	5	25	32213	3.1	inviable	YDR113C	YDR113C	PDS1	Precocious Dissociation of Sisters	YDR113C	S000002520	S000002520	P40316
	GRX3	SGD	 	0	1	300	0	0.0	viable	YDR098C	YDR098C	GRX3	GlutaRedoXin	YDR098C	S000002505	S000002505	Q03835
	MSH6	SGD	G1	1	7	0.1	21677	5.3	viable	YDR097C	YDR097C	MSH6	MutS Homolog	YDR097C	S000002504	S000002504	Q03834
	DNF2	SGD	 	2	12	1000	290078	2.5	viable	YDR093W	YDR093W	DNF2	Drs2 Neo1 Family	YDR093W	S000002500	S000002500	Q12675
	AFR1	SGD	M/G1	1	3	0.1	0	0.0	viable	YDR085C	YDR085C	AFR1	Alpha-Factor Receptor regulator	YDR085C	S000002492	S000002492	P33304
	VPS41	SGD	 	2	4	0.1	0	0.0	viable	YDR080W	YDR080W	VPS41	Vacuolar Protein Sorting	YDR080W	S000002487	S000002487	P38959
	SHU2	SGD	 	0	0	200	0	0.0	viable	YDR078C	YDR078C	SHU2	Suppressor of HydroxyUrea sensitivity	YDR078C	S000002485	S000002485	P38957
	IPT1	SGD	 	0	3	0.1	0	0.0	viable	YDR072C	YDR072C	IPT1	InositolPhosphoTransferase	YDR072C	S000002479	S000002479	P38954
	DOA4	SGD	 	2	13	150	5194	1.5	viable	YDR069C	YDR069C	DOA4	Degradation Of Alpha	YDR069C	S000002476	S000002476	P32571
	YDR061W	SGD	 	0	4	1000	0	0.0	viable	YDR061W	YDR061W			YDR061W	S000002468	S000002468	Q12298
	TGL2	SGD	 	2	4	75	0	0.0	viable	YDR058C	YDR058C	TGL2	TriacylGlycerol Lipase	YDR058C	S000002465	S000002465	P54857
	DBF4	SGD	 	2	5	0.1	5310	4.7	inviable	YDR052C	YDR052C	DBF4	DumbBell Former	YDR052C	S000002459	S000002459	P32325
	HEM13	SGD	 	0	4	5000	0	0.0	inviable	YDR044W	YDR044W	HEM13	HEMe biosynthesis	YDR044W	S000002451	S000002451	P11353
	LUV1	SGD	 	2	7	0.1	615	3.8	viable	YDR027C	YDR027C	VPS54	Vacuolar Protein Sorting	YDR027C	S000002434	S000002434	Q12071
	FAL1	SGD	 	2	2	150	566	0.6	inviable	YDR021W	YDR021W	FAL1	eukaryotic translation initiation factor Four A Like	YDR021W	S000002428	S000002428	Q12099
	GAL3	SGD	 	3	4	1500	0	0.0	viable	YDR009W	YDR009W	GAL3	GALactose metabolism	YDR009W	S000002416	S000002416	P13045
	NTH1	SGD	G1	1	4	100	26107	2.4	viable	YDR001C	YDR001C	NTH1	Neutral TreHalase	YDR001C	S000002408	S000002408	P32356
	ADY3	SGD	 	3	8	0.1	20149	5.3	viable	YDL239C	YDL239C	ADY3	Accumulation of DYads	YDL239C	S000002398	S000002398	Q07732
	ASF2	SGD	G1	1	3	1000	16355	1.2	viable	YDL197C	YDL197C	ASF2	Anti-Silencing Function	YDL197C	S000002356	S000002356	P32448
	RBS1	SGD	 	0	8	0.1	1418	4.2	viable	YDL189W	YDL189W	RBS1	RNA-Binding Suppressor of PAS kinase	YDL189W	S000002348	S000002348	Q05672
	TFP1	SGD	 	2	5	10	0	0.0	viable	YDL185W	YDL185W	VMA1	Vacuolar Membrane Atpase	YDL185W	S000002344	S000002344	P17255
	YDL180W	SGD	G2/M	1	5	10	0	0.0	viable	YDL180W	YDL180W			YDL180W	S000002339	S000002339	Q12301
	DLD2	SGD	 	0	2	100	0	0.0	viable	YDL178W	YDL178W	DLD2	D-Lactate Dehydrogenase	YDL178W	S000002337	S000002337	P46681
	NRP1	SGD	 	0	9	0.1	0	0.0	viable	YDL167C	YDL167C	NRP1	N (asparagine)-Rich Protein	YDL167C	S000002326	S000002326	P32770
	CDC9	SGD	G1	2	6	100	6429	1.8	inviable	YDL164C	YDL164C	CDC9	Cell Division Cycle	YDL164C	S000002323	S000002323	P04819
	STE7	SGD	 	2	10	50	0	0.0	viable	YDL159W	YDL159W	STE7	STErile	YDL159W	S000002318	S000002318	P06784
	UBP1	SGD	 	2	6	250	2796	1.0	viable	YDL122W	YDL122W	UBP1	UBiquitin-specific Protease	YDL122W	S000002280	S000002280	P25037
	CYK3	SGD	M/G1	1	8	100	3730	1.6	viable	YDL117W	YDL117W	CYK3	CYtoKinesis	YDL117W	S000002275	S000002275	Q07533
	YDL114W	SGD	 	2	3	50	333	0.8	viable	YDL114W	YDL114W			YDL114W	S000002272	S000002272	Q07530
	CVT20	SGD	 	2	2	300	605325	3.3	viable	YDL113C	YDL113C	ATG20	AuTophaGy related	YDL113C	S000002271	S000002271	Q07528
	YDL109C	SGD	 	0	6	75	356	0.7	viable	YDL109C	YDL109C			YDL109C	S000002267	S000002267	Q12103
	QRI1	SGD	G1	2	4	4000	10802	0.4	inviable	YDL103C	YDL103C	QRI1		YDL103C	S000002261	S000002261	P43123
	DUN1	SGD	G1	0	2	250	0	0.0	viable	YDL101C	YDL101C	DUN1	DNA-damage UNinducible	YDL101C	S000002259	S000002259	P39009
	YDL089W	SGD	M/G1	2	9	200	102271	2.7	viable	YDL089W	YDL089W	NUR1	NUclear Rim1	YDL089W	S000002247	S000002247	Q12066
	ASM4	SGD	 	1	8	100	6660	1.8	viable	YDL088C	YDL088C	ASM4	Anti-Suppressor in Multicopy	YDL088C	S000002246	S000002246	Q05166
	PEX19	SGD	 	2	2	1000	2417	0.4	viable	YDL065C	YDL065C	PEX19	PEroXisome related	YDL065C	S000002223	S000002223	Q07418
	PSA1	SGD	G1	0	2	5000	0	0.0	inviable	YDL055C	YDL055C	PSA1		YDL055C	S000002213	S000002213	P41940
	DBP10	SGD	 	2	5	150	0	0.0	inviable	YDL031W	YDL031W	DBP10	Dead Box Protein	YDL031W	S000002189	S000002189	Q12389
	YDL025C	SGD	 	2	7	2.5	7296	3.5	viable	YDL025C	YDL025C	RTK1	Ribosome biogenesis and TRNA synthetase-associated Kinase	YDL025C	S000002183	S000002183	Q12100
	KIN82	SGD	 	2	11	100	0	0.0	viable	YCR091W	YCR091W	KIN82	protein KINase	YCR091W	S000000687	S000000687	P25341
	ABP1	SGD	 	2	10	750	16858	1.4	viable	YCR088W	YCR088W	ABP1	Actin Binding Protein	YCR088W	S000000684	S000000684	P15891
	IMG2	SGD	 	0	0	100	0	0.0	viable	YCR071C	YCR071C	IMG2	Integrity of Mitochondrial Genome	YCR071C	S000000667	S000000667	P25642
	SED4	SGD	 	2	13	250	2658	1.0	viable	YCR067C	YCR067C	SED4	Suppressor of Erd2 Deletion	YCR067C	S000000663	S000000663	P25365
	HCM1	SGD	G1	5	15	1	2551	3.4	viable	YCR065W	YCR065W	HCM1	High-Copy suppressor of Calmodulin	YCR065W	S000000661	S000000661	P25364
	TAF2	SGD	G2/M	1	12	0.1	0	0.0	inviable	YCR042C	YCR042C	TAF2	TATA binding protein-Associated Factor	YCR042C	S000000638	S000000638	P23255
	YCR041W	SGD	G2/M	1	1	30	0	0.0		YCR041W	YCR041W			YCR041W	S000000637	S000000637	P37265
	SNT1	SGD	 	4	16	0.1	0	0.0	viable	YCR033W	YCR033W	SNT1	SaNT domains	YCR033W	S000000629	S000000629	P25357
	FEN2	SGD	 	0	0	0.1	0	0.0	viable	YCR028C	YCR028C	FEN2	FENpropimorph resistance	YCR028C	S000000623	S000000623	P25621
	HSP30	SGD	 	0	1	0.1	0	0.0	viable	YCR021C	YCR021C	HSP30	Heat Shock Protein	YCR021C	S000000615	S000000615	P25619
	ADP1	SGD	 	2	7	0.1	0	0.0	viable	YCR011C	YCR011C	ADP1	ATP-Dependent Permease	YCR011C	S000000604	S000000604	P25371
	HMLALPHA2	SGD	 	0	0	0.1	0	0.0		YCL067C	YCL067C	HMLALPHA2	Hidden Mat Left ALPHA	YCL067C	S000000572	S000000572	P0CY09
	YCL065W	SGD	G2/M	1	1	50	0	0.0		YCL065W	YCL065W			YCL065W	S000000570	S000000570	P37264
	VAC17	SGD	S/G2	2	4	500	1016	0.3	viable	YCL063W	YCL063W	VAC17	VACuole related	YCL063W	S000000568	S000000568	P25591
	KAR4	SGD	M/G1	2	6	100	7094	1.9	viable	YCL055W	YCL055W	KAR4	KARyogamy	YCL055W	S000000560	S000000560	P25583
	LRE1	SGD	 	5	15	150	2679945	4.3	viable	YCL051W	YCL051W	LRE1	Laminarase REsistance	YCL051W	S000000556	S000000556	P25579
	GLK1	SGD	M/G1	1	5	2000	0	0.0	viable	YCL040W	YCL040W	GLK1	GLucoKinase	YCL040W	S000000545	S000000545	P17709
	GFD2	SGD	 	0	3	400	0	0.0	viable	YCL036W	YCL036W	GFD2	Great for Full DEAD box protein activity	YCL036W	S000000541	S000000541	P25370
	FUS1	SGD	M/G1	2	9	1	16310	4.2	viable	YCL027W	YCL027W	FUS1	cell FUSion	YCL027W	S000000532	S000000532	P11710
	KCC4	SGD	G1	2	10	100	0	0.0	viable	YCL024W	YCL024W	KCC4		YCL024W	S000000529	S000000529	P25389
	YCL019W	SGD	 	2	18	10	0	0.0		YCL019W	YCL019W			YCL019W	S000000524	S000000524	P25384
	BUD3	SGD	S/G2	5	21	30	2697	2.0	viable	YCL014W	YCL014W	BUD3	BUD site selection	YCL014W	S000000520	S000000520	P25558
	PHO89	SGD	M/G1	1	2	0.1	0	0.0	viable	YBR296C	YBR296C	PHO89	PHOsphate metabolism	YBR296C	S000000500	S000000500	P38361
	RIF1	SGD	 	4	21	0.1	0	0.0	viable	YBR275C	YBR275C	RIF1	RAP1-Interacting Factor	YBR275C	S000000479	S000000479	P29539
	YBR255W	SGD	 	2	7	50	0	0.0	viable	YBR255W	YBR255W	MTC4	Maintenance of Telomere Capping	YBR255W	S000000459	S000000459	P38335
	ALG7	SGD	S/G2	0	0	150	0	0.0	inviable	YBR243C	YBR243C	ALG7	Asparagine-Linked Glycosylation	YBR243C	S000000447	S000000447	P07286
	YBR225W	SGD	 	2	13	50	1575	1.5	viable	YBR225W	YBR225W			YBR225W	S000000429	S000000429	P38321
	TDP1	SGD	 	2	5	100	572	0.8	viable	YBR223C	YBR223C	TDP1	Tyrosyl-DNA Phosphodiesterase	YBR223C	S000000427	S000000427	P38319
	YBP1	SGD	 	1	3	75	0	0.0	viable	YBR216C	YBR216C	YBP1	Yap1-Binding Protein	YBR216C	S000000420	S000000420	P38315
	HPC2	SGD	 	4	13	200	15908	1.9	viable	YBR215W	YBR215W	HPC2	Histone Periodic Control	YBR215W	S000000419	S000000419	Q01448
	YBR204C	SGD	M/G1	1	1	10	0	0.0	viable	YBR204C	YBR204C	LDH1	Lipid Droplet Hydrolase	YBR204C	S000000408	S000000408	P38139
	BEM1	SGD	G2/M	2	4	100	44466	2.6	viable	YBR200W	YBR200W	BEM1	Bud EMergence	YBR200W	S000000404	S000000404	P29366
	PCH2	SGD	 	0	0	50	0	0.0	viable	YBR186W	YBR186W	PCH2	Pachytene CHeckpoint	YBR186W	S000000390	S000000390	P38126
	RPS6B	SGD	 	1	1	0.1	0	0.0	viable	YBR181C	YBR181C	RPS6B	Ribosomal Protein of the Small subunit	YBR181C	S000000385	S000000385	P0CX38
	AMN1	SGD	M/G1	2	8	25	650	1.4	viable	YBR158W	YBR158W	AMN1	Antagonist of Mitotic exit Network	YBR158W	S000000362	S000000362	P38285
	SLI15	SGD	 	7	19	0.1	0	0.0	viable	YBR156C	YBR156C	SLI15	Synthetically Lethal with Ipl1	YBR156C	S000000360	S000000360	P38283
	MAK5	SGD	 	2	4	50	0	0.0	inviable	YBR142W	YBR142W	MAK5	MAintenance of Killer	YBR142W	S000000346	S000000346	P38112
	YBR139W	SGD	G2/M	0	0	50	0	0.0	viable	YBR139W	YBR139W	ATG42	AuTophaGy	YBR139W	S000000343	S000000343	P38109
	YBR138C	SGD	G2/M	1	3	2.5	4141	3.2	viable	YBR138C	YBR138C			YBR138C	S000000342	S000000342	P38277
	YBR137W	SGD	 	0	1	5000	119	-1.6	viable	YBR137W	YBR137W			YBR137W	S000000341	S000000341	P38276
	EXO84	SGD	 	5	8	150	29577	2.3	inviable	YBR102C	YBR102C	EXO84	EXOcyst	YBR102C	S000000306	S000000306	P38261
	MMS4	SGD	 	3	6	200	43328	2.3	viable	YBR098W	YBR098W	MMS4	Methyl MethaneSulfonate sensitivity	YBR098W	S000000302	S000000302	P38257
	YBR094W	SGD	G2/M	1	5	0.1	0	0.0	viable	YBR094W	YBR094W	PBY1	P-BodY associated protein	YBR094W	S000000298	S000000298	P38254
	AAC3	SGD	 	0	1	0.1	0	0.0	viable	YBR085W	YBR085W	AAC3	ADP/ATP Carrier	YBR085W	S000000289	S000000289	P18238
	ORC2	SGD	 	6	12	200	730607	3.6	inviable	YBR060C	YBR060C	ORC2	Origin Recognition Complex	YBR060C	S000000264	S000000264	P32833
	ATP3	SGD	 	0	1	50	0	0.0	viable	YBR039W	YBR039W	ATP3	ATP synthase	YBR039W	S000000243	S000000243	P38077
	CHS2	SGD	G2/M	4	8	50	2744790	4.7	inviable	YBR038W	YBR038W	CHS2	CHitin Synthase	YBR038W	S000000242	S000000242	P14180
	GAL1	SGD	 	3	4	2000	8185	0.6	viable	YBR020W	YBR020W	GAL1	GALactose metabolism	YBR020W	S000000224	S000000224	P04385
	YBR013C	SGD	 	0	0	0.1	0	0.0	viable	YBR013C	YBR013C			YBR013C	S000000217	S000000217	P38215
	YBR007C	SGD	G1	2	8	0.1	0	0.0	viable	YBR007C	YBR007C	DSF2	Deletion Suppressor of mptFive/pufFive mutation	YBR007C	S000000211	S000000211	P38213
	PKC1	SGD	 	5	13	0.1	5807	4.8	inviable	YBL105C	YBL105C	PKC1	Protein Kinase C	YBL105C	S000000201	S000000201	P24583
	ECM21	SGD	 	2	17	250	16730	1.8	viable	YBL101C	YBL101C	ECM21	ExtraCellular Mutant	YBL101C	S000000197	S000000197	P38167
	BOI1	SGD	 	5	14	250	5990	1.4	viable	YBL085W	YBL085W	BOI1	Bem1 (One) Interacting protein	YBL085W	S000000181	S000000181	P38041
	KIP1	SGD	S	1	6	50	945	1.3	viable	YBL063W	YBL063W	KIP1	KInesin related Protein	YBL063W	S000000159	S000000159	P28742
	PTC3	SGD	 	1	2	500	4087	0.9	viable	YBL056W	YBL056W	PTC3	Phosphatase Two C	YBL056W	S000000152	S000000152	P34221
	YBL055C	SGD	 	2	3	0.1	0	0.0	viable	YBL055C	YBL055C			YBL055C	S000000151	S000000151	P34220
	SAS3	SGD	S/G2	2	5	0.1	0	0.0	viable	YBL052C	YBL052C	SAS3	Something About Silencing	YBL052C	S000000148	S000000148	P34218
	EDE1	SGD	 	2	15	500	6413	1.1	viable	YBL047C	YBL047C	EDE1	EH Domains and Endocytosis	YBL047C	S000000143	S000000143	P34216
	YBL046W	SGD	 	2	6	50	0	0.0	viable	YBL046W	YBL046W	PSY4	Platinum SensitivitY	YBL046W	S000000142	S000000142	P38193
	FMT1	SGD	 	2	4	125	42926	2.5	viable	YBL013W	YBL013W	FMT1	Formyl-Methionyl-tRNA Transformylase	YBL013W	S000000109	S000000109	P32785
	YBL009W	SGD	G1	2	6	100	6518	1.8	viable	YBL009W	YBL009W	ALK2		YBL009W	S000000105	S000000105	P32789
	UTP20	SGD	 	2	7	75	696	1.0	inviable	YBL004W	YBL004W	UTP20	U Three Protein	YBL004W	S000000100	S000000100	P35194
	CDC15	SGD	 	5	10	0.1	0	0.0	inviable	YAR019C	YAR019C	CDC15	Cell Division Cycle	YAR019C	S000000072	S000000072	P27636
	SEN34	SGD	G1	0	1	100	0	0.0	inviable	YAR008W	YAR008W	SEN34	Splicing ENdonuclease	YAR008W	S000000066	S000000066	P39707
	NUP60	SGD	 	3	9	100	11354	2.1	viable	YAR002W	YAR002W	NUP60	NUclear Pore	YAR002W	S000000063	S000000063	P39705
	ACS1	SGD	 	2	8	500	2554	0.7	viable	YAL054C	YAL054C	ACS1	Acetyl CoA Synthetase	YAL054C	S000000050	S000000050	Q01574
	CLN3	SGD	G2/M	1	12	0.1	2214	4.3	viable	YAL040C	YAL040C	CLN3	CycLiN	YAL040C	S000000038	S000000038	P13365
	FUN19	SGD	 	2	17	500	0	0.0	viable	YAL034C	YAL034C	FUN19	Function Unknown Now	YAL034C	S000002134	S000002134	P28003
	FUN21	SGD	 	3	12	1	4937	3.7	viable	YAL031C	YAL031C	GIP4	Glc7 Interacting Protein	YAL031C	S000000029	S000000029	P39732
	FRT2	SGD	 	3	7	100	24756	2.4	viable	YAL028W	YAL028W	FRT2	Functionally Related to TCP1	YAL028W	S000000026	S000000026	P39734
	DRS2	SGD	 	2	8	10	0	0.0	viable	YAL026C	YAL026C	DRS2	Deficiency of Ribosomal Subunits	YAL026C	S000000024	S000000024	P39524
	MAK16	SGD	 	2	2	25	0	0.0	inviable	YAL025C	YAL025C	MAK16	MAintenance of Killer	YAL025C	S000000023	S000000023	P10962
	LTE1	SGD	 	8	20	0.1	3749	4.6	viable	YAL024C	YAL024C	LTE1	Low Temperature Essential	YAL024C	S000000022	S000000022	P07866
	FUN26	SGD	G2/M	1	1	2.5	0	0.0	viable	YAL022C	YAL022C	FUN26	Function Unknown Now	YAL022C	S000000020	S000000020	P31381
	ATS1	SGD	 	1	1	300	269	0.0	viable	YAL020C	YAL020C	ATS1	Alpha Tubulin Suppressor	YAL020C	S000000018	S000000018	P31386
	FUN30	SGD	 	3	10	0.1	57405	5.8	viable	YAL019W	YAL019W	FUN30	Function Unknown Now	YAL019W	S000000017	S000000017	P31380
	PSK1	SGD	 	4	15	0.1	0	0.0	viable	YAL017W	YAL017W	PSK1	Pas domain-containing Serine/threonine protein Kinase	YAL017W	S000000015	S000000015	P31374
	SSA1	SGD	 	0	2	0.1	0	0.0	viable	YAL005C	YAL005C	SSA1	Stress-Seventy subfamily A	YAL005C	S000000004	S000000004	P10591
